"","summary.mean","summary.se_mean","summary.sd","summary.2.5.","summary.25.","summary.50.","summary.75.","summary.97.5.","summary.n_eff","summary.Rhat","c_summary.mean.chain.1","c_summary.sd.chain.1","c_summary.2.5..chain.1","c_summary.25..chain.1","c_summary.50..chain.1","c_summary.75..chain.1","c_summary.97.5..chain.1","c_summary.mean.chain.2","c_summary.sd.chain.2","c_summary.2.5..chain.2","c_summary.25..chain.2","c_summary.50..chain.2","c_summary.75..chain.2","c_summary.97.5..chain.2","c_summary.mean.chain.3","c_summary.sd.chain.3","c_summary.2.5..chain.3","c_summary.25..chain.3","c_summary.50..chain.3","c_summary.75..chain.3","c_summary.97.5..chain.3","c_summary.mean.chain.4","c_summary.sd.chain.4","c_summary.2.5..chain.4","c_summary.25..chain.4","c_summary.50..chain.4","c_summary.75..chain.4","c_summary.97.5..chain.4"
"theta[1]",1.83540755758178,0.000951542424097358,0.0800706180130735,1.66124135674431,1.78617496245451,1.84037134073599,1.89052349006095,1.97826694675658,7080.92589536878,1.0008752601601,1.83792882228214,0.0768947411284854,1.67077997670671,1.78978051376449,1.84252276297394,1.89088330823686,1.97757095072256,1.83259538572476,0.080979491304246,1.6573491933481,1.7817570457069,1.83742189622632,1.88988305279351,1.97423783710203,1.8371693245469,0.0787368974960033,1.6732246776008,1.7872939346848,1.84104852318421,1.89109662295509,1.98173522198641,1.8339366977733,0.083412388264612,1.64200501980858,1.78587387981122,1.8402668101566,1.89033118524556,1.97915007653514
"theta[2]",0.301711680026816,0.000821837210116895,0.0672055407556372,0.197794650377922,0.25514486752197,0.292159128825701,0.337632684942766,0.461226804278282,6687.11140077072,1.00079030391405,0.299760835404337,0.0632317058758444,0.198092188197544,0.256320216281211,0.29146911683788,0.335114631791551,0.448649678609855,0.303544018989974,0.0678536156492231,0.200252233234879,0.255003770989859,0.293642707209006,0.340251609831908,0.46579415179201,0.300334124384447,0.0656004562261615,0.196994628441925,0.253833559691697,0.291659848705342,0.337549829936033,0.453988379102304,0.303207741328507,0.0717677647166437,0.196308106128274,0.255489558343333,0.291853592983125,0.338176336252111,0.479503651043889
"theta[3]",35.1777752055846,0.00588207107991625,1.00223751632056,33.1973191368496,34.5135530463542,35.1699711957461,35.8488403693198,37.1486009972922,29032.255307065,1.0000008287359,35.190708146976,1.00562012577099,33.1970900158942,34.5199988463879,35.1853690292864,35.8623798546125,37.1873404445648,35.1770667789474,1.00030063962999,33.2216451170439,34.5136603467563,35.17088395843,35.8449536286945,37.1449103606314,35.1723800222455,0.993006510424033,33.1865947141844,34.5231781926607,35.1672816411503,35.8275092110446,37.135033265698,35.1709458741696,1.00997171194084,33.1951667534483,34.4988033823338,35.1549645352261,35.8574214733437,37.1353964459344
"theta[4]",0.521716544101357,0.00104897387646562,0.0851732345105286,0.393660056041445,0.462991682232659,0.509400571825578,0.564446855160371,0.727148741377338,6592.90677769521,1.00077237793046,0.51910636849417,0.079830963802614,0.395137309514905,0.463186853641906,0.50859227719855,0.561709095676171,0.71129764358352,0.524540219754713,0.086214996344544,0.39631509117919,0.464309015510323,0.511650999078027,0.567399730583455,0.73366127893835,0.519963234760964,0.08285157213522,0.390919181071342,0.462371679613986,0.507831203061385,0.564731273208532,0.71808430568954,0.523256353395579,0.0912659377720367,0.391468490698517,0.462092198151968,0.509203777427437,0.563935990743533,0.752149340822466
"theta[5]",0.480981273995697,0.000414557215452348,0.0353298410756969,0.422451183333778,0.456873401746108,0.477294973454968,0.500733841378821,0.56175108375193,7262.9726816079,1.00079716490742,0.479922699522153,0.0333429947988151,0.423980235922769,0.456857162421829,0.476411191039428,0.499547691146774,0.556391491946528,0.482238086424868,0.0359473012571924,0.423133214216923,0.457468636168024,0.478370473443844,0.501878240363795,0.565475928110748,0.480310246765263,0.034400480610983,0.420749315034755,0.456772444126719,0.477209177435404,0.50067131181742,0.555118737657166,0.481454063270502,0.0374490859744308,0.422170595181295,0.456244900969914,0.477244122439806,0.500820139090654,0.573411751777338
"z_init[1]",48.9167956643391,0.0315319948791115,4.60456406630528,40.249657595834,45.8070204488234,48.7777098690265,51.919032240654,58.3947039529697,21324.2686476221,1.00008533026345,48.8444802775767,4.55632645339252,40.1677392927258,45.8238022004178,48.7826203612438,51.7624272921899,58.0554333613233,49.0073990004063,4.57843388929899,40.4063197095285,45.8628656188739,48.871618619211,52.0578224934809,58.3849967731769,48.9292341930369,4.62630733215915,40.295073744384,45.7709190841029,48.7950051210621,51.9514736462394,58.5764721394606,48.8860691863366,4.65563919079727,40.1877379692813,45.7675154659511,48.6366350944495,51.8901313908326,58.4477078448245
"z_init[2]",193.62499946326,0.0563628598245794,6.36814573856103,181.343122440157,189.356428510193,193.537185117804,197.801791343338,206.459769445337,12765.5621999599,1.00030814796739,193.735003883881,6.33429851929725,181.596586302809,189.512402909423,193.632601912235,197.873426390916,206.593879894,193.52083083778,6.38123152638647,180.901761853579,189.269008858041,193.461242975843,197.695365230649,206.33961056,193.743275156095,6.35402024708525,181.792671552545,189.445837036958,193.658586924899,197.971714147199,206.779653770793,193.500887975282,6.39968052754369,181.16270301711,189.194687303002,193.366712672436,197.719421125558,206.318159905046
"sigma[1]",0.254739176441229,0.000321945004968062,0.0462851770415414,0.182471669364035,0.222023739120931,0.248638257940101,0.280674335322001,0.362707878974418,20669.0480962213,1.00017380240875,0.253438004331173,0.0449021763046464,0.181757053053257,0.222147983747035,0.247511032817772,0.279189104663346,0.356903991350602,0.25512355985248,0.046957626378725,0.182671602307661,0.222658009904578,0.248963253711263,0.281037910091845,0.364924699480589,0.254539003510045,0.0458631401442719,0.181641916842007,0.221156198038512,0.249141898408841,0.280306516014599,0.35823394222225,0.255856138071217,0.0473511635959057,0.183702082894725,0.222177069659873,0.248882505004732,0.282017364711201,0.366984499135419
"sigma[2]",0.0865739683092871,0.000121858800050002,0.0162595420524476,0.0612960516244177,0.0749945400777773,0.0842759190766964,0.0957520362748888,0.124239628543856,17803.3948795579,1.00049862901964,0.0861609872795564,0.0160242503009261,0.0612727566319341,0.0748469060643914,0.0838533527053445,0.0951247306014462,0.123926466699247,0.0869125119332007,0.0162284027532951,0.0614749135886905,0.0753989438785719,0.0847696748066957,0.0961835537003722,0.124260066784542,0.0862617926401345,0.016247881259742,0.0608323808097916,0.0748261573457668,0.0840175444039814,0.0952764229454245,0.124757245143861,0.0869605813842569,0.0165198883185225,0.0616459190668781,0.0749726550058226,0.0845840177774895,0.0964545706186878,0.124478196915758
"z[1,1]",43.6508206837103,0.0294285109881793,3.8624852697258,36.4097199064888,41.019251154206,43.5130935899758,46.1341699064755,51.6541693309801,17226.501867132,1.00018057046043,43.5661300386009,3.8100897098121,36.30889343028,41.0218718187168,43.4708557043858,45.9986212035372,51.4960685617659,43.7352763040405,3.85105503542495,36.5508221527287,41.083700813967,43.6089786441766,46.2244019770827,51.7845011668213,43.6365631046829,3.85931133366162,36.4108723117162,41.0013936985011,43.4674251714424,46.1781969113203,51.5466212238306,43.6653132875168,3.92724247082109,36.3394066059932,40.975807528358,43.5147524788602,46.1698538185284,51.7894202648089
"z[1,2]",184.434078120467,0.0406050563633923,5.66429375791061,173.477180309617,180.655842874815,184.328425532845,188.11999474664,195.85696026871,19459.4831637882,1.00015806755466,184.485548799677,5.68765047338934,173.406077488256,180.761020497125,184.38217251385,188.142409565865,195.945652865899,184.390863060207,5.68064153723441,173.30015191791,180.620632604262,184.280025646327,188.089752292426,195.682346832299,184.530731511655,5.65215728495491,173.70539061518,180.684240576212,184.451704005575,188.274057882749,195.930262680134,184.32916911033,5.63522103737885,173.599663989331,180.558986654695,184.204748626741,188.003759005851,195.820742708489
"z[2,1]",42.3085300546143,0.0266895639959512,3.58182186285926,35.6038562111276,39.8692868964209,42.1747350969274,44.593433534243,49.7724764506517,18010.4683986049,1.00020060217667,42.2335469386025,3.54196204186105,35.5907992599167,39.8076071715613,42.1293234076914,44.491249114112,49.5854855203406,42.3632533136287,3.58467867888859,35.7634159324497,39.9004168281703,42.2293703759021,44.6692137765973,49.7890205337731,42.2818415952504,3.56563372050092,35.528009144392,39.8891772705633,42.1066863835815,44.5882506384346,49.6712126667132,42.3554783709757,3.63331058515032,35.5873115127786,39.8865359909297,42.2446195453285,44.6118239165694,50.0111297557536
"z[2,2]",174.72011869017,0.0282656402989307,4.87006405623509,165.279306016748,171.516302375726,174.640364102255,177.8699460483,184.532106816578,29686.0005543933,1.00001439797596,174.730617748372,4.89212879889571,165.159138899524,171.543610960029,174.656144825209,177.892872765872,184.684873228671,174.703247209908,4.90310978041451,165.267488724719,171.472735270514,174.623714225137,177.893726159613,184.533093592859,174.785710580736,4.83530992712087,165.548122904485,171.604446016326,174.708228294846,177.865855219856,184.484615905078,174.660899221665,4.84926539610755,165.298119423385,171.439164921047,174.572713188145,177.821883428551,184.400358604523
"z[3,1]",45.0315745047544,0.0224950703470314,3.64902575036327,38.1960609140047,42.5767456622582,44.8958022294993,47.3771111352161,52.5430174908064,26313.5319180042,1.0001306952484,44.981912390486,3.64281036337489,38.1711259287969,42.5190930570801,44.8569311835275,47.3432069407995,52.4575229795147,45.0430408574696,3.65651801599775,38.2330662949167,42.5541140365527,44.8927109904118,47.3574067408443,52.4973194065366,45.0062137996843,3.63976969548992,38.1496101970347,42.5786498857066,44.842927748701,47.3311625151505,52.5641838406163,45.0951309713778,3.65652223043163,38.2204987410083,42.6440144975049,44.9893872421151,47.4598427845459,52.6190707655284
"z[3,2]",167.632759334771,0.0230469604326714,4.60938674345661,158.622577323534,164.586949246166,167.610944590857,170.63664506309,176.824742816538,39999.9072663037,0.999932860794588,167.62694975554,4.57251948173567,158.654252993948,164.574035375405,167.629728670481,170.576015850122,176.830346603137,167.6123217659,4.65875135995916,158.35046187921,164.611230748581,167.580013786501,170.626042464282,176.814385245124,167.66840021012,4.54643816014118,158.814637581402,164.613074582995,167.680029595771,170.676545671604,176.76598003953,167.623365607524,4.65922208582092,158.619405378909,164.542959273,167.566932653776,170.649818652924,176.900947444505
"z[4,1]",51.6589279575075,0.02197785911531,4.09431975810601,43.8913004526344,48.9008308688835,51.5264628784571,54.3111369921935,60.1219207066568,34705.0555711243,1.00006038611673,51.6472766705903,4.10985740248475,43.8785404947333,48.8770215367151,51.5423719351417,54.3116395259825,60.1814484699241,51.6150272607482,4.09906034218086,43.7863069621445,48.8427540120674,51.5184111776522,54.2197115298725,60.2142380471789,51.6492782581577,4.10151844463545,44.0108995677704,48.8986623957841,51.449419915616,54.3298743266881,59.9734230176387,51.7241296405338,4.06654171450266,43.9320073926588,49.0026661786701,51.6064903372086,54.3626894935766,60.1006986463228
"z[4,2]",165.23121429594,0.025140066818822,4.95689775541365,155.607503875063,161.950545166113,165.183686992933,168.50499326633,174.992821022385,38876.4917196103,0.999964074932127,165.233037036663,4.86121357447864,155.898016513098,162.026529298364,165.194403020276,168.421526508979,174.962684341477,165.185782126215,5.00623687984251,155.380645846032,161.887277619661,165.133439328887,168.520486798367,175.013292035159,165.244530288669,4.89318414823656,155.598661416189,162.011186052759,165.165019147019,168.528639256228,174.821075488706,165.261507732211,5.06463172079819,155.596767618641,161.891119158792,165.246685042257,168.516148521669,175.206199209548
"z[5,1]",61.4694183977263,0.0329043851007447,5.07403477630765,51.8324757494644,58.032788042906,61.3267999857052,64.7466608661832,71.9233413587935,23779.3139194097,1.00006257223318,61.5046630785048,5.05747351390931,51.7686313900884,58.1130555204829,61.3428334506504,64.761081323895,71.7886495151015,61.3614922165589,5.07516951302836,51.5590480069675,57.97292889555,61.2379312431205,64.6236528137443,71.8812876697297,61.4921770201648,5.09394037710571,52.0492827586852,58.019104715306,61.3199244971087,64.7656231698965,71.9226673710376,61.5193412756768,5.06868085240305,51.9339909159401,58.0509461778464,61.3896263443684,64.816718537567,72.070367446916
"z[5,2]",168.730465266341,0.0296575109381205,5.47129417764677,158.105966499456,165.1130846218,168.694097308426,172.341338497396,179.499130847979,34033.8228634409,1.00005064754919,168.762540184131,5.35440730022921,158.374453796457,165.198910975567,168.696849177258,172.274739070396,179.347463084876,168.642882775157,5.50972334076735,157.852879955793,165.018073341829,168.636558754251,172.272294546567,179.47278648396,168.734061998471,5.42980144051286,158.052414663471,165.173818469891,168.661115649541,172.295844727554,179.375020910755,168.782376107605,5.58823232442376,157.986513279465,165.061228178414,168.785458468426,172.478904737509,179.714531594418
"z[6,1]",72.0340462066257,0.0520325598276186,6.48015119579258,59.6224640126019,67.6538883631286,71.8954289847719,76.2482327478723,85.1331541528017,15510.2891249386,1.00009026666135,72.1121767780679,6.3878471473528,59.8069721372552,67.8165596403787,72.0183211843835,76.2591776203382,84.8864758242209,71.873036352361,6.47922824067739,59.4465351623009,67.4752860733922,71.7161412102547,76.1251560447528,85.0816692839486,72.1026362550077,6.49939216554385,59.9463085999059,67.6308540649438,71.8781485069953,76.2855086348927,85.3415669093171,72.048335441066,6.55118368879916,59.5093339025885,67.7038825230222,71.9339224646247,76.3151520602233,85.2003013473988
"z[6,2]",178.457885717358,0.0361657997739187,5.75230566682724,167.08395141134,174.654754891078,178.487744482394,182.258020172176,189.744247708073,25298.0917918959,1.00018154398085,178.540825883599,5.63656282971502,167.315518807045,174.804800514823,178.511115204574,182.28083771693,189.739569259283,178.313870903664,5.78109513642137,166.941805180461,174.513318891738,178.408807522299,182.119039813713,189.611215704042,178.470415959792,5.74044058582939,166.983347981324,174.681350211213,178.514366526638,182.237846919234,189.698065906536,178.506430122377,5.84733393015005,167.067702383833,174.617064101912,178.529146296178,182.363492783859,189.938494446728
"z[7,1]",78.2013978200253,0.0628485540852741,7.42930638174634,63.9050367561411,73.1530313826716,78.0685937345732,83.0690116027241,93.2591215368925,13973.5243637106,1.00007780767518,78.2917279903531,7.29075030877854,64.3884638322211,73.2615408072911,78.1662821656889,83.0190729428108,92.9922210690648,78.0401952138673,7.42684043086425,63.8268058919382,72.981579676213,77.9426618522721,82.9953984014771,93.1789277470945,78.3082042635568,7.43468514566225,64.3519961994845,73.2397268239122,78.1331393750786,83.2408742755282,93.3192654860711,78.1654638123239,7.56045910310279,63.3584837972858,73.1335259172598,78.0020786686261,83.0233868244523,93.5398511387293
"z[7,2]",192.840891637927,0.0448015787734263,5.77808693024167,181.342137089558,189.048067749822,192.877186390665,196.683953163987,204.064380445339,16633.4181681762,1.00037846481628,192.984989064858,5.64941653282027,181.695701424428,189.276901614577,193.064575044025,196.73963264798,203.903254273113,192.638821700897,5.8079925703621,180.947052029459,188.96342269493,192.664802185789,196.464977827538,204.05388504215,192.885174390429,5.78814966485374,181.360183371931,189.084802274784,192.87399048551,196.742546703467,204.153093116924,192.854581395524,5.86003913859873,181.334057938536,188.937155391228,192.882273120831,196.779151833526,204.23131936096
"z[8,1]",74.2880943677601,0.053890940482662,6.83950565290004,60.9978952158918,69.724573257286,74.1833519908498,78.7729774968199,88.0926027590744,16107.1202167419,1.0000204976185,74.33645027967,6.73643887222844,61.1956666569058,69.8360726162079,74.2676788482552,78.7197118655801,88.0708617243194,74.2062490411009,6.848225601294,60.7606053651299,69.6306654962471,74.1095438050969,78.7728784239489,87.9424943821241,74.3922015480641,6.82623818790521,61.3429381939832,69.8476345710704,74.2227004858538,78.8775611110652,87.9575428292569,74.2174766022055,6.94472392421065,60.7789125523108,69.5655285221642,74.1410127884851,78.7188243644,88.2899303429183
"z[8,2]",206.722623998038,0.0555608955852319,5.89911692186711,194.937873280928,202.830552191338,206.814603768121,210.67166884157,218.091560918141,11272.8968504603,1.00052145105129,206.910037448669,5.74396580834153,195.619195711621,203.047215980104,207.000507626969,210.772889275537,217.930009525848,206.49402001318,5.93662025689368,194.622147440854,202.605003725287,206.544327280941,210.460664846185,218.088676438834,206.812159226854,5.90229089036061,195.204888740595,202.835423646236,206.863743083857,210.786436129984,218.168669866691,206.674279303451,6.00311374109281,194.531351173803,202.809242456951,206.823020215918,210.706741276111,218.224513726294
"z[9,1]",60.8553664173738,0.0340570791048491,5.22593062339833,50.6756427871753,57.372399062229,60.7608329495883,64.2828861903828,71.4159453615365,23545.7475732974,0.999981306063777,60.8292439686671,5.18777041399186,50.8247361567071,57.4074571314262,60.751914225426,64.2478700326091,71.1556044771018,60.8760328682455,5.2506229428702,50.6255523945449,57.3447651018052,60.8154320711884,64.2998193791033,71.5392975017333,60.9153196843931,5.2121295319213,50.6479767290457,57.4109366334857,60.8132304990538,64.3924272950364,71.2962675296422,60.8008691481897,5.25296349067681,50.6891811611788,57.3165169955491,60.6579291918401,64.1850417691316,71.5982789556707
"z[9,2]",212.124295535911,0.0566920543053217,6.00728782937779,200.068279960382,208.181985642877,212.237896263713,216.147295391359,223.657793071865,11228.2608388462,1.00047203681672,212.302849248765,5.88364946467167,200.527004376804,208.424292068868,212.400135333424,216.215619422811,223.737945325015,211.930217912019,6.0593937170455,199.849776108726,207.96525936946,212.049296760595,216.016129435593,223.511670122471,212.244898049831,5.97214995413556,200.404055744568,208.255977541424,212.326017987779,216.259057930437,223.795613397803,212.019216933029,6.10455188632711,199.410681961154,208.080438809479,212.180576277891,216.129819501261,223.601622194764
"z[10,1]",46.1335707887028,0.0248681628824282,3.97606165731173,38.6192363832779,43.4520377104669,46.0158504546656,48.6784672513784,54.3415689260562,25563.4116961573,1.00005516858335,46.058483357355,3.95217413362589,38.4110029075371,43.442212422797,45.9488867275024,48.5744037366495,54.1403194258369,46.199620738463,3.99184119401857,38.7220354725773,43.5056845123311,46.08538758627,48.7668916623392,54.5655430122208,46.1492416783878,3.97510679893772,38.6387835179747,43.4245870716757,46.0329930304183,48.7660233148513,54.261501024256,46.1269373806053,3.98431506224512,38.6628311816462,43.4509886917998,45.9888940023037,48.6199252818275,54.4628011053327
"z[10,2]",204.817687342556,0.0474111718037256,5.68598572548304,193.226866985321,201.155322654791,204.932900286755,208.600942006304,215.837468235929,14383.0222202226,1.00034310850234,204.940211132554,5.64249939473068,193.455039190156,201.287740128919,205.02002535556,208.647654532992,215.959683797414,204.688713391934,5.76864679380559,192.724662645191,201.019045934101,204.833634168009,208.558545962938,215.631175819336,204.938671764292,5.61424142634042,193.825848021786,201.223446633186,205.095530387316,208.708102456632,215.909709497946,204.703153081445,5.71290076144807,192.985660724269,201.054021148302,204.805422962831,208.521233166606,215.762130248404
"z[11,1]",36.7016569653164,0.0212873647172053,3.2430301732917,30.8158250124262,34.4995672574551,36.5164054724191,38.733051871269,43.5606591551651,23209.0934269818,1.00013826652152,36.6195156267497,3.21853750100134,30.720328038845,34.4424383912743,36.4473207511539,38.6614568442971,43.3999354252173,36.7637325157887,3.25075345211217,30.8928166100531,34.533623160704,36.5865129633846,38.7692523473271,43.6090415487091,36.6939636420333,3.23711130278954,30.8034192125833,34.4567318022669,36.5133869559056,38.7955666581234,43.5882937430275,36.7294160766937,3.26426585895822,30.83131413787,34.5544053788912,36.5175138248876,38.7080716672748,43.6238087210895
"z[11,2]",189.003485992281,0.0371000330967553,5.20077380666904,178.505727435504,185.634092092265,189.06084852696,192.454361573889,199.13734820774,19651.121344147,1.00023408628595,189.070384820381,5.20256852954959,178.512993561941,185.730210265181,189.113343755548,192.474986029343,199.347131591887,188.91366052769,5.3009578097731,178.076752828672,185.473717673915,188.983623570482,192.386725353459,199.224437185267,189.107526412323,5.12288270517408,178.929994990758,185.760733258455,189.192144546752,192.524903510816,199.020134214912,188.92237220873,5.17296402893213,178.489537187383,185.535453285146,188.941290070979,192.419998864523,198.999007022729
"z[12,1]",33.5659304650624,0.0178110045363939,2.90646828342683,28.2218084003576,31.6154671745607,33.4181127824111,35.3676957462178,39.7423223200449,26628.9687324367,1.00013295000697,33.4960495175834,2.90060551446334,28.0722774041714,31.5720933765243,33.369763646091,35.3216206494772,39.6453047781154,33.6120245713257,2.92014756954518,28.3437815367821,31.6491998577705,33.4507419461628,35.4211977421555,39.7411313465724,33.5493215867015,2.88863788202522,28.2443372812668,31.5900261863774,33.3940230271746,35.3724072825644,39.7458345388128,33.6063261846388,2.91527811452759,28.2651547414522,31.671614164628,33.463135801684,35.3552964288547,39.8455946044008
"z[12,2]",172.130931148348,0.0322736288614184,4.94233320565036,162.181265128514,168.932110071561,172.210242752689,175.400895889795,181.751957710706,23451.3820777479,1.00017181669364,172.169764895689,4.93477728106682,162.267566093088,168.9656250361,172.251065447348,175.453031322879,181.779274116481,172.047091073585,5.03455345595875,161.995769859791,168.817150247764,172.133915367217,175.335601343932,181.832992206139,172.215664446702,4.87756322236558,162.369426198182,169.028257265229,172.305435666158,175.454595400673,181.712937860594,172.091204177415,4.92008979371131,162.165500912278,168.923873128986,172.131075326445,175.347111794924,181.631934829663
"z[13,1]",35.996361452353,0.0159189130981382,3.02590420279947,30.3164651172356,33.9815533066531,35.8846415478078,37.9099731627462,42.2301859419161,36131.2948060777,1.00005999974505,35.9430472779563,3.04052947412959,30.1191755101227,33.9317778245494,35.8233240390198,37.8894548767482,42.1214515637143,36.0270414261396,3.05328911702448,30.4325436638987,33.9527765942332,35.8983927964863,37.9891221061668,42.2887214495851,35.978241371023,3.00267995774407,30.3610846092971,33.968240715248,35.8572980299835,37.8843647263923,42.2630279088496,36.0371157342929,3.00630632997654,30.3186775750369,34.0579636336214,35.9370586030263,37.8959181527185,42.2873011544721
"z[13,2]",159.324157396858,0.0319171872072709,4.89943689208269,149.515524931596,156.148344257493,159.389404845236,162.59114254284,168.777086057158,23563.6798883051,1.0001476218862,159.356336968554,4.86593931978744,149.669204429255,156.204264570695,159.445318905958,162.644812903556,168.542448126964,159.23418044385,4.97338541565492,149.236949267613,156.073104699835,159.313300815901,162.494345868394,168.77220241271,159.390854098059,4.84680685891435,149.615806221838,156.232165982579,159.457476911829,162.63930005833,168.786362989498,159.315258076972,4.90999026759263,149.548462264263,156.088617177669,159.351338644194,162.570681912288,169.012159634363
"z[14,1]",43.9373989357853,0.0190164127291223,3.73845043581036,36.7956894222801,41.4510522857656,43.8420215963217,46.3519661333812,51.5236471453136,38647.9146135313,0.999985160001308,43.9035480046301,3.74828079011909,36.6042557282297,41.4420356440668,43.862119944641,46.3042605155356,51.3719035787318,43.9511145601635,3.78159280311045,36.7125345730069,41.4061799355959,43.8224148593741,46.409049447737,51.575267876404,43.924364964202,3.72281449117054,36.9886272479215,41.4433973054787,43.8399675072841,46.3087800804671,51.6149676189339,43.9705682141457,3.70084244075751,36.9064159706855,41.513074046916,43.8498497797896,46.3658110483168,51.4976241967473
"z[14,2]",153.149159542533,0.0317984589692562,4.87933872637861,143.389922380586,149.974470513032,153.221701471618,156.396146007092,162.537510137936,23545.6014840723,1.00013778004195,153.18377066236,4.83372702154619,143.483584223418,150.037359445157,153.279861153513,156.438522714039,162.468259636362,153.055832833067,4.93733863081342,143.007323162353,149.858723241723,153.144674108169,156.329616414346,162.368800803139,153.198710524213,4.83187620512644,143.607001299881,150.047732180668,153.26563504737,156.3949655132,162.455732580327,153.158324150492,4.91296479230154,143.498212738266,149.950801698568,153.212534849786,156.406754789855,162.817083416053
"z[15,1]",57.8510197938298,0.0281223024942506,5.15004538270423,47.9195284179587,54.4046929904811,57.7527078218567,61.1813846987874,68.3601111985669,33536.7027438407,0.999949844168273,57.8441508990532,5.11891841732814,47.6133250542046,54.4409000057723,57.8124709754853,61.1443470515858,68.2668230069495,57.8402020694607,5.20447698786381,47.8311133500349,54.3669420574784,57.6957403512694,61.2415203745175,68.3857637656592,57.8527390707592,5.1536859407663,48.2334912240013,54.3578495680457,57.7523393203091,61.1388678793236,68.4596501928536,57.8669871360462,5.1233797483804,47.9843624035092,54.4554985178253,57.7543664311674,61.1964867830039,68.2597483925491
"z[15,2]",155.222298399055,0.0300463753143386,4.86068370164938,145.556343701154,152.073813066839,155.276807671191,158.400079032762,164.82254972425,26170.4112230633,1.00011895400139,155.262418324716,4.8195646900464,145.873087686168,152.10100730224,155.29842304785,158.403068755184,164.941978821353,155.133395164933,4.91260116842843,145.277686142944,152.035105061501,155.146760844901,158.314538563671,164.812741777864,155.256167628262,4.81800494767017,145.549475748126,152.085302331211,155.313985907933,158.438148641027,164.781455640208,155.237212478309,4.89143772513852,145.61131084165,152.078535625831,155.342255471892,158.456403091441,164.734950693201
"z[16,1]",76.7609052722986,0.0408266898874348,6.97176310189082,63.1799286745337,72.1106725577003,76.7021835029084,81.3262603084805,90.7807931410441,29160.6300409397,0.999945895925829,76.7923381356782,6.88867243183836,63.1590892663668,72.302149718009,76.7638590090487,81.2548188527987,90.4948026369273,76.714514934587,7.02733824248276,63.0282366718491,71.9900513632421,76.6171161606023,81.3383665109249,90.8707373069227,76.7880315676693,6.99135272176619,63.5254057958009,72.0170233817615,76.7031537868042,81.3731312236827,91.1289652589967,76.7487364512598,6.97969756963881,63.0530757377532,72.1462002252013,76.7215975693729,81.3894903535043,90.5870656951482
"z[16,2]",167.125809257076,0.0289250379800178,5.22468541536116,156.846974664387,163.703804166675,167.079386645039,170.506743314373,177.692920160098,32626.6449281358,1.00005972041044,167.17485049122,5.17638894714454,157.200407791038,163.76469347476,167.047178712249,170.473237486325,177.82074176661,167.048878630386,5.28558533334626,156.741181161305,163.591570544908,166.982875927932,170.470713775956,177.766456172942,167.147926179968,5.20989347242143,156.795674333869,163.685692897985,167.168385781074,170.553486832573,177.644728280378,167.131581726732,5.22621174539918,156.75741347654,163.764376001168,167.118210654743,170.535749535912,177.438553915125
"z[17,1]",94.2488615804147,0.0478657087590697,8.26913552392655,78.2315257145005,88.7719679561478,94.1543556239244,99.6507359287644,111.013557146099,29844.9758216919,0.999968534469484,94.317302615541,8.17892721772837,78.4278551852527,88.8943960564816,94.2626217593154,99.5778929056891,110.918355137955,94.1671243223656,8.3232473263496,78.0092711831611,88.6034799099891,94.0507986596817,99.7102087837937,110.79802805303,94.3001277755087,8.28006697454064,78.4768727065675,88.892198874838,94.1304650151353,99.6321849572432,111.338198590081,94.2108916082436,8.29389429962177,77.9035471252815,88.7250971697858,94.1642270266466,99.7118145056073,110.959179024662
"z[17,2]",189.504788300551,0.034591650062032,6.56888307189868,177.0047363085,185.061383372753,189.351878094326,193.778860207941,202.757087309575,36061.2274396719,0.999975400804977,189.569735521047,6.46904626789383,177.268610762192,185.211857841731,189.411407899821,193.667122665114,202.739270140616,189.44563464976,6.64714729096373,176.96278535842,184.912738634775,189.305485792347,193.770285532728,202.925401322797,189.520475545331,6.61659322263663,176.695736934369,185.055242940222,189.337248435722,193.840812998038,202.918101757274,189.483307486067,6.54163491491022,176.976084031547,185.051790510951,189.360759626824,193.824476752929,202.343960858487
"z[18,1]",96.3172462288612,0.0464428658006538,9.11274678168526,78.9217526504577,90.2159075446289,96.0835903904095,102.232035067137,114.862786871558,38499.9871260568,1.00002613515597,96.369525985601,9.03773823503864,79.2341340004846,90.3067450430482,96.176301175077,102.26868582428,114.685000822269,96.2288194920073,9.16788759273816,78.8015800112822,90.0865515786361,95.9339711811029,102.295302582425,114.728451692643,96.3720732091726,9.1304770099569,78.5981967200954,90.2838816828218,96.2410164118166,102.235806306581,114.94553669919,96.2985662286637,9.11499513037836,79.0938643518337,90.2119149694133,96.0033605185842,102.109033637422,115.058414215362
"z[18,2]",217.788541997184,0.0460052079742513,8.44821744403055,201.618788731678,212.081272467833,217.569300387296,223.242557098587,235.039326628181,33722.2209909176,0.999957467442477,217.872350919381,8.30477079163526,201.83038329312,212.419590870461,217.669846739423,223.244169459146,234.707804243908,217.752543881124,8.55656482249744,201.361486451459,211.897998646627,217.544140987925,223.261964301078,235.262812693259,217.7956607113,8.52300305231515,201.805566484392,212.037352773135,217.489497957414,223.283312179951,235.49738943388,217.733612476931,8.40677919427671,201.58405969956,212.035377438376,217.566290931123,223.162653901711,234.688255884761
"z[19,1]",74.6335545740943,0.0509519560575829,9.92015292397736,56.7795885311814,67.7744600342315,74.0691799233126,80.8207131185981,95.7569067857399,37906.6156211465,1.00000674086438,74.5955136812783,9.79239429699888,57.0338875239666,67.9193787125873,73.9440841857853,80.6320490848754,95.5717262946028,74.5612004667351,9.93801802909158,56.6278260315085,67.7302605631913,73.9276934794582,80.9043645144101,95.6484666080537,74.6842350589568,9.99287702535308,56.4793345667395,67.830238998137,74.1923484838862,80.8208137529468,95.890139652585,74.6932690894069,9.95699073123266,57.0258240052618,67.6435471726637,74.1268496779143,80.938811862183,95.819161424403
"z[19,2]",236.716071994582,0.0590161468257967,10.0367526984546,218.507856269055,229.90431355339,236.213033330286,243.025761807887,257.865584254597,28923.0937324618,1.00006899343798,236.788221214166,9.88737653737318,218.717379229099,230.063184159554,236.355389794077,243.036564394087,257.547609842717,236.694622675294,10.2046643611714,218.056880007742,229.783630885009,236.153995066005,243.119566949025,258.342239517209,236.709384984914,10.0346668724131,218.608031756553,229.865925911909,236.228761539963,242.940859253013,257.929025660526,236.672059103955,10.0188954435431,218.51873138115,229.833534855414,236.074297442069,243.017175850693,257.679113329751
"z[20,1]",45.7862179537741,0.0461869010051681,7.64005127420078,33.1807293703799,40.5342367035193,44.950658232319,50.0752308594401,63.1158665306287,27362.4448726053,0.999959558233649,45.7115630928889,7.51903910689786,33.1807095424074,40.6618849929978,44.8430281932159,49.9247815975277,62.8411640517877,45.7207378196664,7.61272249414919,33.1998653496454,40.412961943091,44.9483816202391,50.0596410940391,62.7943002540769,45.8365123920154,7.68923368443988,33.0383235773195,40.5811208432701,44.9933729351799,50.1301376096128,63.5463733714381,45.8760585105258,7.73723305447915,33.4638289139998,40.4482415308152,45.0015547121071,50.1954997928012,63.1985851604367
"z[20,2]",230.079435968194,0.0646869731603359,11.6139918639765,208.74782362793,222.2232882484,229.463282489266,237.304222058585,254.752121798024,32235.1261988719,1.00009722634863,230.107845952033,11.4120894069699,209.20513739875,222.293661433452,229.538230775865,237.37488240383,254.073251211695,230.01081895163,11.7936162503044,208.417451890521,222.037304675574,229.421372457903,237.3323404515,255.259315125424,230.091959574027,11.5506000666079,208.612326267626,222.275591781915,229.512015209826,237.299775188558,254.511674900454,230.107119395085,11.6975094565193,208.62922352485,222.270020624427,229.39081329646,237.238182097275,254.910137671377
"y_init_rep[1]",50.6737046589923,0.0761685731462122,14.3450254215926,28.1041999823326,40.7196341856472,48.8273169448531,58.4030981691295,84.1345156394969,35469.1682359944,0.99997026390307,50.576864462258,14.2849782297616,27.9555096784011,40.7197227966158,48.7501670691171,58.4382194265091,83.4395069536973,50.8662481695457,14.457076156511,28.1826684464755,40.9055194818947,48.9773301089672,58.4460690907865,84.9338612773865,50.5897890116847,14.2331042172266,28.1491656205169,40.6749989372478,48.6822226768369,58.21871147128,83.6390803430789,50.661916992481,14.4041039509816,28.2363734899927,40.612174382243,48.8992459488486,58.4277861041894,84.0534791329973
"y_init_rep[2]",194.4857028419,0.102262840260864,18.279586003272,160.855849668113,182.358095659145,193.615170171534,205.85712948439,232.778092810729,31951.923650042,0.999942531253012,194.574571324872,18.273805532657,161.585147222966,182.4036509298,193.607657618727,205.781709402421,233.241017623609,194.302842080647,18.2911970090262,160.55355877683,182.207356135177,193.449363418222,205.700065212536,231.977980569055,194.599366795673,18.1102015870599,160.858640605921,182.577495663566,193.69828628312,205.942463533241,232.632751232247,194.466031166409,18.44286867646,160.445191606767,182.270162813013,193.746006277211,205.944071479028,233.39979978967
"y_rep[1,1]",45.2097247773366,0.0667107402154958,12.7365477805563,25.3005397027319,36.4708509705635,43.5413035584244,52.0942522699131,75.1021076167088,36451.209151772,0.999943461079452,45.125340088374,12.7545441703423,25.4287186413211,36.3450539127995,43.3146827384568,51.9901470959784,75.0049570002824,45.3276797921369,12.8618732119621,25.4854673229846,36.451144580261,43.6197942193547,52.1001479447352,75.0545550339027,45.181961010624,12.554399276645,25.2735965381493,36.5650611418657,43.5982604755502,52.1057679780071,75.0536395282915,45.2039182182115,12.7744395817597,24.9455416020466,36.49293868021,43.5969267455418,52.1692240776261,75.2580096003382
"y_rep[1,2]",185.093142437642,0.0922263159246579,17.2772810403733,153.198236311605,173.48336352059,184.311330634527,195.786582544418,221.701314634898,35094.6628215694,1.00011636732137,184.865410829951,17.2580990279563,152.913694071008,173.412323866053,183.980808553002,195.627639089633,221.675281401253,185.183276178584,17.3537205694433,153.339845596153,173.371008662993,184.385667739665,196.043298028719,221.991769391023,185.424343143556,17.1838133691602,153.830530959544,173.747212889082,184.684231441738,196.206826411537,221.936748261946,184.899539598478,17.3096243994915,152.977818821083,173.395542683496,184.154987311548,195.272637945082,221.430027397726
"y_rep[2,1]",43.755110475635,0.0626355476895163,12.1803706940219,24.6342989806416,35.3431802340813,42.1095513926191,50.369694997322,71.9884799283213,37816.3190027634,1.0000509403064,43.4941774339678,11.9329762351519,24.6793964057298,35.25014708502,41.8690559650433,49.8726273994646,71.1511720410276,44.0206329607809,12.287121399388,24.8571923040401,35.4566197361409,42.3544837627943,50.8088549300454,72.7154901025733,43.771952777107,12.2137982822283,24.5823129020961,35.2676171800752,42.1839976496454,50.3594367412693,72.1812067467917,43.7336787306845,12.2802583891739,24.4013824629299,35.3596725124824,42.0516651142909,50.3604642768769,71.6169646536061
"y_rep[2,2]",175.436063540372,0.0835921047620908,16.2755450162402,145.294432338354,164.547089644847,174.710332859469,185.521513107793,209.969039962978,37908.8456744431,0.999964877820164,175.384112892469,16.237441888084,145.085514007954,164.599774744471,174.710955707468,185.3953204132,209.971706466808,175.450670900716,16.2580016479448,145.368736649113,164.663352138861,174.709611061611,185.497407347907,210.266590100534,175.565307970869,16.2801308074193,145.718575935737,164.575015996979,174.779789727108,185.62814692679,209.994909330245,175.344162397434,16.328045734428,145.359344183292,164.42014293657,174.67094567708,185.536061578415,209.458158751287
"y_rep[3,1]",46.5720143861046,0.0656004785476167,13.0062045114554,26.3656884669999,37.6450436640858,44.83195491771,53.521545464232,77.3606559851039,39308.5607012273,1.00005003229168,46.5179625793478,12.856025824363,26.1931600549903,37.6299209261263,44.9953214511952,53.4111353582956,76.5020931396742,46.7285029952862,12.97116091043,26.8925283187909,37.7963054724206,44.9916595477061,53.7736336950354,77.2136408960169,46.3859858277476,13.0344530118799,25.8408816263103,37.4781592864401,44.6260759168255,53.439923726469,76.7911003582652,46.6556061420369,13.1606149015725,26.573391928643,37.6538410960479,44.6666079862905,53.463147729649,78.6376985260255
"y_rep[3,2]",168.365042247725,0.0771101689907227,15.48743888256,139.565678595665,157.992098823484,167.688407395185,177.892500475913,201.145643151208,40340.0006886861,0.999984823925745,168.385991872473,15.318334099006,139.986222943948,158.01815117292,167.625198443497,177.87693190128,200.784863751859,168.245960921902,15.7513137426498,139.28830912506,157.711993736545,167.538490607822,177.813489776836,201.945087389752,168.23693735871,15.3806585546516,139.536160429048,158.033191226923,167.593581732597,177.587292879794,200.485275128995,168.591278837816,15.4955766236147,139.377088320223,158.24266292876,167.954493905836,178.438669858312,201.199809119742
"y_rep[4,1]",53.4973833103559,0.0752299000037687,14.9586309714601,30.0080019229439,43.1463041650536,51.6466014804971,61.5370771875543,88.2029404406886,39536.9103078554,1.00010587804023,53.31412717081,14.7621992213952,30.2425725504331,43.0586856591519,51.5410653532268,61.285010357338,87.807784780306,53.4874718246888,14.97128053548,29.8999520787602,43.1034833817029,51.5344941753252,61.5386243301756,88.9131377563797,53.4255088194381,15.0055412145427,29.6978763154854,43.1123704359189,51.6499538379298,61.5635578952327,86.9001072109752,53.7624254264868,15.092135633332,30.2729577997447,43.3434967019116,51.9230236179706,61.7815344208577,89.1945546488993
"y_rep[4,2]",165.887365341412,0.0768255389206598,15.4330000860669,137.422210366337,155.617857269135,165.275570174146,175.444510213357,197.982723357103,40354.2691528605,0.999996642904765,165.818025640271,15.4887716106266,137.346487952848,155.526545291955,165.32075590881,175.54035909023,197.314935414713,165.911671027592,15.5576624378881,137.249412667078,155.587954217328,165.277628444308,175.580034721936,197.865064707884,165.905969913367,15.3829212363604,137.421288110944,155.646676233416,165.248207744357,175.475991918191,198.134133978088,165.91379478442,15.3035228188714,137.796751842956,155.725219499248,165.250012631367,175.084055158895,198.792029083832
"y_rep[5,1]",63.5818681406998,0.0922173979772219,17.6263713664361,35.64515059353,51.3545119117268,61.3588443542238,73.3043846791292,104.360763770764,36534.2422405295,1.00000393224093,63.5925913349504,17.8147583901006,35.9631090813934,51.2696517458704,61.2531719751851,73.1103626652179,105.403807925894,63.3164018009518,17.4863397681069,35.5793064230176,51.2186690312215,61.2193144663481,72.9717215920754,103.190886608928,63.6789059999867,17.4929338028272,35.5821470638178,51.4207975517334,61.5056008323796,73.4484259873122,103.708240634554,63.7395734269104,17.7088614267583,35.4856773018073,51.5217497492017,61.487110155734,73.5599946108279,104.589372235797
"y_rep[5,2]",169.403187773766,0.0806813914996128,15.9745448426396,139.747180781657,158.763540394727,168.697277626065,179.324075046068,203.013020212309,39202.1806794523,1.00010618443245,169.143196149781,15.7906677404304,139.293763786442,158.672371291046,168.370143152144,178.783307599261,202.145766425558,169.413876467296,16.0766076036762,139.377012625125,158.646605576885,168.771459917542,179.462407314801,203.039480050157,169.367299631141,15.8235101887217,140.372179516874,158.697111999483,168.743926997152,179.357015326806,202.498410452774,169.688378846845,16.2013756805116,139.680622615456,159.018785810572,168.906394540872,179.731359977415,204.674341496642
"y_rep[6,1]",74.373372808866,0.112906365135724,20.7863929760085,40.9826547141545,59.8957875048936,71.8800376818284,85.9082404994326,122.367627932473,33893.8899397006,0.999984639010467,74.4761744253666,20.6060841895515,40.8894662991953,60.2092228605356,72.0951526158925,85.9339900910822,121.837761759585,74.0218123262616,21.0041794327338,40.1448491487148,59.4807218779934,71.5808048824122,85.6830136963782,122.161003216996,74.3302999121343,20.6900834898184,41.6384120985515,59.8013347215078,71.8019294013432,85.604673613773,122.191636743733,74.6652045717016,20.8408048504004,41.2019901041906,60.1451254754633,72.1368508616155,86.3168582075148,122.787408858349
"y_rep[6,2]",178.940727840881,0.0850988648530204,16.7950118487337,147.674691256575,167.732802619503,178.244974731151,189.395778877901,213.570869379769,38950.5052140283,0.999975566465664,179.147094614892,16.6837547631382,148.590886300894,167.937170961549,178.269562835438,189.471113201842,213.797949643975,178.823334085399,16.9699369446095,147.238885021766,167.575034495586,178.11748446058,189.433134495087,213.814635891911,178.781590136214,16.5515847087697,147.593725428551,167.684066623327,178.200318333504,189.221740686739,212.430865314169,179.010892527018,16.9707485933951,147.49453300554,167.722181772903,178.381257448822,189.429833037923,214.030815870371
"y_rep[7,1]",80.8237580753487,0.123003507585081,22.5442554958475,44.603342477705,65.2238464954826,78.168509318509,93.3313136663255,132.718577197006,33592.0728398171,0.999936616800861,81.0598302765375,22.2908755281256,45.0277617186806,65.7714448494306,78.3242302594469,93.6245597177321,132.424328895711,80.7358359121017,22.9103642667638,44.1398797423725,64.9093901807427,77.9351000023234,93.3343699915995,132.916123731934,80.7691150753612,22.3376938370637,45.1138914161371,65.3132003681052,78.117537628392,93.0890393150019,132.152205854384,80.7302510373944,22.6342798824017,44.2703537297216,64.8911764946463,78.3175718075228,93.2568608511443,133.0823030715
"y_rep[7,2]",193.475923921247,0.093740253150358,17.9489278616134,160.022694435376,181.494250619431,192.826768598218,204.725051560499,231.078538190766,36662.7282821302,1.00003747373895,193.727764612172,17.9671886257562,160.648063841502,181.642078873199,193.042817329115,205.037553898658,231.369098763238,193.221653196713,17.9829490649188,159.38173434873,181.059695560864,192.54270832633,204.430619782078,230.828208324336,193.432616001505,17.9923333144995,160.131235234923,181.355831880938,192.670435098608,204.821691162171,230.851104300876,193.521661874598,17.8518980512672,160.066010210354,181.823918227261,192.975257976031,204.545150565437,231.264848628289
"y_rep[8,1]",76.7627068992718,0.113522602718204,21.4905979563837,42.4272337841643,61.8432563568744,74.2778629617221,88.7404452341414,125.706656207634,35837.0555484785,0.999973136512218,76.8482697648298,21.5663586089447,42.0708718767247,62.0123056536074,74.5407141402875,88.8064670721997,125.603996877998,76.6711900640144,21.60489408001,42.5015119837791,61.5084085995027,74.223199346757,88.7497115600975,124.931066746313,76.8348343245401,21.5339465437876,42.7342538437094,61.860787133406,74.3174777688361,88.7687948555273,126.081691423527,76.6965334437032,21.2580893761654,42.413716802123,61.9867395548387,74.0731950964565,88.608369461719,125.614074389627
"y_rep[8,2]",207.572719577701,0.104067138027364,19.1151569133646,172.107871226637,194.779966420157,206.774793253759,219.540238129487,247.560739175699,33738.7130558066,0.99996768511293,207.713271883697,18.8290198783058,173.22573430932,194.994463319908,206.905479995413,219.461791918307,247.31509447027,207.46726884674,19.3133349804108,171.4026052746,194.540712486498,206.801618375022,219.656153624252,247.188336191162,207.573676920298,19.0181522553479,172.427715765719,194.91503883308,206.51212209144,219.530215022571,247.417967732256,207.536660660069,19.2978581967528,171.509679510076,194.768783233436,206.812444234053,219.529032263804,248.272669821583
"y_rep[9,1]",62.9767805249907,0.0929346537477348,17.5762084468988,34.9764619299589,50.874062005106,60.7913595173468,72.6439669654784,103.608994657973,35768.029793087,0.999976800297619,62.850571998427,17.3025351957744,35.2393876682789,50.9006912336437,60.6707912778218,72.5563039704685,102.768176489888,62.8970429911168,17.5385754022479,34.5798279188445,50.8392841341093,60.80239097821,72.6816206530382,102.328305265935,63.156918394249,17.913406437059,34.8315049446589,50.924090670503,60.9217797351108,72.8110669774503,105.885938711097,63.0025887161699,17.5459456921651,35.2834576421509,50.809325938668,60.8084053791061,72.514376819833,104.069041334863
"y_rep[9,2]",213.062654876312,0.109000095507239,19.6967034649039,176.464211802631,199.788900281508,212.320403935292,225.401629489321,254.215584660465,32653.7705171011,1.0000202916492,213.03686526239,19.631193546402,176.345611541307,199.741420619258,212.489943608441,225.294906805476,253.572039556712,213.228221316397,19.6097040208612,176.335702697311,199.99383476285,212.461893950658,225.436358731614,254.164431367727,213.104636378694,19.5550549205047,176.928479449195,200.058257767765,212.234824300102,225.431786204494,254.374786876454,212.880896547767,19.9892371603961,176.394314598878,199.231026304278,212.115687376387,225.397747884175,254.50871761592
"y_rep[10,1]",47.8192641435281,0.0683605539791001,13.3919877820466,26.9674624112264,38.5951625630331,46.0383387127031,54.9692070503863,78.9031542100179,38377.6998444147,0.9999779915827,47.6082444499298,13.3260211437289,26.9133841963947,38.4211548217172,45.7557507872629,54.934949795829,78.1952579097727,47.8660575959661,13.4381764258996,26.810322374501,38.5682018199326,46.129353939353,54.9060121997939,78.9498448795587,47.9484244736456,13.2891864232478,27.3395195796065,38.8266997700465,46.3261882604386,55.0284036925558,78.3802627459212,47.8543300545708,13.5129795981607,26.8604993191054,38.5658516838446,45.9671238524785,55.0123255078972,79.7997864165807
"y_rep[10,2]",205.571523343661,0.0999288775992727,18.9902479855433,170.246247494024,192.817825394566,204.854735434844,217.428693311796,245.259260180582,36114.3043076575,1.00012619519467,205.607197235205,18.6990949999842,170.410759690442,193.112016986667,204.950939758631,217.354502107449,243.997135362456,205.277233085144,19.0318664946453,169.777968396357,192.422397073382,204.676573360047,217.280728909369,244.931449440946,205.946725294746,19.1322834093599,170.399697202259,193.095618075196,205.170133827687,217.728438462459,246.207191425943,205.454937759549,19.0911402757459,170.304553009823,192.65229539817,204.652611797663,217.331166675101,245.529342859617
"y_rep[11,1]",37.8834311296386,0.0566024548524883,10.6504881124482,21.2431842418602,30.5608342527028,36.5255180370887,43.6119060360608,62.9051179772801,35405.3172286948,1.00003124730222,37.7734634960156,10.4933422027245,21.4220138654997,30.4842414361077,36.4169210994095,43.4940298958246,62.60589636497,37.9672288074486,10.6220789580305,21.220177446018,30.5756731688287,36.6470364525429,43.8736697245855,62.2732716609442,37.9502682930599,10.7913752930992,21.4742756178476,30.6237517700097,36.4618296263876,43.5293185873619,63.2559398655494,37.8427639220305,10.69335355406,20.9398031749409,30.5306630882428,36.5763546083963,43.5863193461363,63.5208153402695
"y_rep[11,2]",189.741960108633,0.0918740883060226,17.4087370628078,157.445535088187,178.065228869318,189.025053271854,200.56891840232,226.057035257474,35904.4639184911,0.999961098553551,190.023465245124,17.417336245712,157.826422361029,178.321932420338,189.41303681014,200.766862202437,226.245281678295,189.672375062563,17.3816800260683,157.421351089276,177.993041344117,188.954613711624,200.488195812145,226.328915334301,189.616840816848,17.3473956188197,157.617625920876,178.108444900394,188.871465387948,200.491714639969,225.385535053506,189.655159309996,17.4877559587525,156.834332227956,177.912417308874,188.866069643754,200.56891840232,226.400366913776
"y_rep[12,1]",34.6715029395958,0.0494584545619948,9.66529022588408,19.4880422472555,28.0087238260075,33.409890194699,39.8333293701746,57.260647062573,38189.9170697895,0.999978491497345,34.632918136878,9.519577611801,19.5382699211075,27.9899657327565,33.5270783417759,39.7512285522312,56.978349356086,34.7024923398702,9.66208367082806,19.4945823749761,28.0634221534748,33.3661440931873,39.9112361968953,57.446903431181,34.5338504941741,9.55029580069282,19.413044271595,27.9403247649788,33.3167150109738,39.8212993421402,56.3235167538367,34.8167507874609,9.92323040107932,19.495791605526,28.0406759910485,33.4221541424482,39.8544839899728,57.857988534981
"y_rep[12,2]",172.894616535931,0.0806750875517567,15.9016555709525,142.884792868182,162.361716218872,172.384048518038,182.828234249102,206.153472571348,38851.3213631462,0.999974674093719,172.824898126806,15.8516361186864,142.793463473591,162.552076132966,172.22926691822,182.669930817914,205.777148707525,173.128095659072,15.9803082137077,143.075051027227,162.361716218872,172.480162114145,183.255513454133,206.171457410763,172.841374714576,15.8056857950817,142.788803315656,162.373149614875,172.45094878473,182.939282244254,205.691858983532,172.784097643271,15.9683347458521,142.955458814748,162.096042266382,172.34334669788,182.547776832063,206.701652483522
"y_rep[13,1]",37.161630169236,0.0517365708096215,10.3824535256128,20.8959731763237,30.0327061525621,35.8589181245357,42.7216414925431,61.4143994563137,40272.1404189079,0.999934777423569,37.1799477473835,10.2064927367642,21.0788518636649,30.2014556040646,35.9546918716538,42.7196762623206,60.2463460939775,37.0595002046512,10.3119962286456,20.6975596939689,29.9775189845553,35.7298756692317,42.6763605062052,61.0396371706607,37.2388849415458,10.4485967350164,21.0351456173708,30.0129642711152,35.8221338316602,42.7317658268557,61.9360133648389,37.1681877833633,10.5600186412234,20.8489511818612,29.9344696287713,35.8889090259177,42.7403137533191,62.2653323374975
"y_rep[13,2]",159.902532216676,0.0771511296437439,14.9748701506526,131.766120417274,149.971412360239,159.234764247611,169.265070841519,191.087088497393,37673.9842389942,0.999930486693693,159.818095841641,14.9234261504656,131.860261868164,149.954387306345,159.152505733642,169.045320578345,190.919259376125,159.859534439464,15.0322591699609,130.852345988167,150.010492962632,159.309639239414,169.314330996805,190.949757884826,159.928745763798,15.0421867416265,132.115100463144,149.960555891797,159.183489029395,169.322986929298,191.377281093574,160.0037528218,14.9026664060741,132.285972179791,149.985047148751,159.383487200115,169.356807965371,191.151270874832
"y_rep[14,1]",45.5191363050707,0.0632253200246687,12.636685750453,25.3550206170547,36.9274107493532,43.9824417627986,52.3615593983381,74.5306228151378,39947.0118687726,0.999918879065549,45.4883712303252,12.5098216466894,25.514044898838,36.9663074932273,43.9731068980451,52.2303390921594,74.3655465167956,45.5680810990566,12.6629288972972,25.173342210838,36.8465798251297,43.9948985142957,52.4136584021624,74.2543754129984,45.5006949397385,12.5320591161585,25.4135600852262,36.9841721360441,43.9555556502397,52.3235775415865,74.8386610889117,45.5193979511624,12.8409354557081,25.2601241461057,36.92054208383,44.0032535757912,52.4673513906998,74.5749133644777
"y_rep[14,2]",153.649864593752,0.0740796906599282,14.3655714907581,126.622567775972,144.034965822625,153.21521649619,162.566956961796,183.758196004214,37605.1647082932,1.00007251172892,153.636460020201,14.2780405866494,126.992558538971,144.17699869769,153.217191198778,162.492915486704,183.54680719969,153.337647806004,14.3706310385777,125.813915247391,143.853403355403,153.015290305921,162.33684299908,183.273427387432,153.881181992045,14.5351284594694,126.641135127273,144.114040489967,153.384688331159,162.872068193444,184.695744031045,153.744168556758,14.2735062036685,127.140417133758,144.013940383408,153.290771228027,162.642748532964,183.376054796371
"y_rep[15,1]",59.807229090683,0.0840894145043596,16.5398803893661,32.919051594594,48.3318965036091,57.8388214748734,69.123821345127,97.9243471443495,38688.5160357203,0.999950340715608,59.7556185577054,16.3238915471085,33.2323801252308,48.5325349195838,57.7441689360926,68.834029570756,97.7531958148924,59.7886162884569,16.5059770966373,32.7707710472042,48.2370055432919,58.0154975828835,69.1191549331131,97.4078216144658,59.7298788190916,16.571470263599,32.7323936029036,48.2713488264804,57.6566515557098,69.1615783242201,97.3843518167421,59.9548026974782,16.7568354897424,33.0510970455801,48.2724243076181,57.9215414793154,69.3640262402231,98.6853405413722
"y_rep[15,2]",155.754304359239,0.0758479662422849,14.651203499081,128.353429343005,145.91412945758,155.20426212855,164.85693262516,186.614338527455,37312.8756317956,0.999955779004752,155.678492678342,14.5808420468302,128.547289686616,145.910276751086,154.946028084298,165.004166966154,186.296062795403,155.704519582505,14.5313399304594,128.318627982477,146.040807071488,155.202301105839,164.745056129319,186.277811585314,155.83669450558,14.6669665990675,128.610897385833,145.937041134715,155.299093073127,164.862240218986,187.124399753447,155.797510670527,14.8255817060718,127.955650924833,145.760152954282,155.415452428009,164.867063781154,186.760245939324
"y_rep[16,1]",79.4311527310702,0.111599863909389,22.0699806811962,43.9042158270336,64.1086518746673,76.7988484941483,91.6150313560111,130.34424252423,39108.9878100669,1.0000526389142,78.9667066809238,21.6428686420657,44.0473953189145,63.8460293221535,76.552170784624,91.1960324421255,129.205492986368,79.4882781876252,22.2951961638714,44.0537695613404,64.1185913201739,76.6453193993314,91.631794196895,130.276453126681,79.8669938482318,22.2603634149866,43.9392968802932,64.3216455261727,77.2816346533763,92.1964790304447,131.820723397043,79.4026322075001,22.0694184146678,43.609445072142,64.1653272515408,76.7772155656029,91.629873316757,130.257391746427
"y_rep[16,2]",167.826216045119,0.0806737421501191,15.8499833658682,138.768883131074,157.131585081013,167.078025850583,177.62116695387,201.170433531645,38600.5254159326,1.00001410153714,167.87958619789,15.8232565781656,138.91641677679,157.232511726942,167.188864214947,177.613173284139,201.16369886577,167.830450360158,16.0789666956456,138.715226094191,156.984700350947,167.139856229856,177.565610789848,201.671046082564,167.833237006601,15.7451877794161,138.887588527782,157.114139909524,166.948193801336,177.596506228689,200.482595357329,167.761590615827,15.7523526885124,138.503210795253,157.269372981501,167.03994675752,177.680124781884,201.364245808144
"y_rep[17,1]",97.3232395949193,0.135638410291363,26.8155562319865,54.0913084040141,78.765106450321,94.3582479508382,112.093848066197,159.482755408805,39084.8309232285,1.00006364003811,97.2963673964172,26.060988168316,54.7633734696353,78.9844747278864,94.3625673926022,111.789606809608,156.630260016724,97.2389380495821,27.2990596571272,53.2201649486782,78.4947901977535,94.0002588832499,111.765768232397,161.312281055582,97.9597861275908,27.0156033407158,54.372742021314,79.1320955344391,95.2130565448084,113.080287177524,160.512868263494,96.7978668060871,26.861985700008,53.7944813742297,78.4988145755301,93.9834656729891,111.605422594276,158.916899604618
"y_rep[17,2]",190.100440611327,0.0906794746281018,18.0777090955664,157.096868958883,177.932667548724,189.159926635951,201.153289310346,228.535333863251,39743.7458000734,0.999975413976332,190.280631148753,17.914269409004,157.08943663435,178.315985891223,189.241592269964,201.238842451611,228.135375927405,189.98237680212,18.2935472355814,157.101486815011,177.69634502772,189.009384629623,201.172086896915,229.24241424215,190.087193506873,18.0987145330725,156.940006009483,177.904487577769,189.256681366892,201.048611637972,229.014307678742,190.051560987561,18.0034705400988,157.317267360593,177.834408932737,189.113752707649,201.145688944211,228.099497472799
"y_rep[18,1]",99.5039595332552,0.140847032112244,28.1971083907296,54.9722547312852,80.0863033446752,96.0887178280913,114.650741767361,164.525242256689,40078.7111776757,0.999945355237964,99.3027331615437,28.1656863371527,55.1743881651763,79.7816888347997,95.6321488824275,114.291873478779,164.568582562895,99.5220219328641,28.2071472375229,54.4871625108451,80.2147471706455,96.4185936549267,114.52934465923,164.729181260943,99.5150950966069,28.0403072585501,54.5223244652849,80.2663094634728,96.177001298403,114.989257395002,164.749554177,99.675987942006,28.3772411787665,55.7240764082953,80.0834287231553,96.1739215203296,114.774478166205,164.010940453162
"y_rep[18,2]",218.619781556644,0.109090123415063,21.2555287876974,180.138821656129,204.216033712284,217.425439117681,231.497492003457,264.074571059166,37964.0871053289,0.999965331021594,218.426853262321,20.7442652796057,180.907976791349,204.306845537461,217.424344237374,230.934495714216,262.342226787718,218.714113836507,21.6456920746645,179.208226261075,204.266959400546,217.399904947424,231.568969090292,264.988671994617,218.890810376247,21.4089032385175,180.229643443452,204.270899715035,217.687195435911,231.995932245386,265.064677947634,218.4473487515,21.2126042530236,180.731958925461,204.073608650752,217.166631532791,231.395527190734,264.027467032443
"y_rep[19,1]",77.3071725924215,0.118436103488849,23.6336266398844,41.5511882451277,61.0582730634683,73.9048939703443,89.4662127550762,132.767436679619,39819.1989567926,1.00018277207137,77.0482754603543,23.3154038089564,41.2778198720563,61.0056409761654,73.6963889108508,89.2231910404553,131.630491356346,77.3069100299589,23.6797393659712,41.7152641537238,60.9189946004444,73.6682472748714,89.2093457443267,132.899536381441,77.8010314868401,23.723503434072,41.9330502824386,61.5494085967364,74.3671154324851,90.0109881493319,133.171410758312,77.0724733925328,23.8086547864951,41.0173619380533,60.7461568103312,73.6974584465547,89.2567720204303,133.617104068262
"y_rep[19,2]",237.587537387991,0.119468195669581,23.4143084285623,195.292279295312,221.748131929679,236.191498754076,251.883290010529,287.967447509135,38411.2164013702,1.00003722773222,237.396405539681,23.17959425734,195.371291904368,221.643686043199,235.988846218858,251.296753042681,286.969607595637,237.883239342549,23.7114163308041,195.117208888346,222.111343491923,236.337514299206,252.399616646406,288.704556973225,237.320273266309,23.3789688961181,195.413951225908,221.44988371468,236.053120951323,251.76044092178,286.964187742466,237.750231403428,23.3829191609251,195.301980403922,221.744814044857,236.45406413108,252.256262533451,288.221962470816
"y_rep[20,1]",47.324707930972,0.0804567875574006,15.1183967584892,25.0206299375333,36.8894496935178,44.9920108917824,55.0332650062812,83.1984773505352,35309.0554978471,0.999973928955518,47.1373534122113,15.0610221105823,24.8411787278958,36.7793003326046,44.8707996842764,54.8434886472766,82.3447990235191,47.3158930176856,15.3491302188477,25.0627220755133,36.9303103597998,44.9860893173267,54.9105838438482,83.2379759775749,47.2870069847468,14.9398052946791,25.0695963382483,36.736654555178,44.9959712266579,55.0367664020777,83.1553842287596,47.5585783092442,15.119953234868,25.1066703162691,37.126047856242,45.1229721748567,55.4121576614129,83.832894489897
"y_rep[20,2]",231.050590202238,0.118752863025439,23.42870818688,188.512351024954,215.319322271775,229.768727210185,245.457344732323,280.689644725986,38923.1973717218,1.00004012961169,231.05342354839,23.3285900900359,189.115613361417,215.405537869512,229.582716348283,245.280549002541,280.575309637091,231.23160004475,23.8101683417887,187.26624109472,215.317227047806,230.005914010527,245.603891751393,282.021414801865,230.764132353958,23.2426718694929,188.710401327426,215.176693628833,229.588345207476,245.165757847235,279.760262399385,231.153204861855,23.3299754890845,188.955492042678,215.472731150911,229.838207038798,245.785262129379,280.190841415955
"lp__",53.6750976384617,0.0215318483596249,2.32711796735235,48.118399664596,52.387462751421,54.0518670906155,55.3823318407576,57.1021700463711,11680.842643082,1.00032515521088,53.7565271455274,2.29382443864515,48.3179876203566,52.4891772451698,54.1089557822988,55.4203463545112,57.1511105714049,53.6397193685345,2.32338029289518,48.1382866749297,52.3579390118466,54.0132547115828,55.3592225104701,57.0650984936502,53.6574142990079,2.332788687185,48.1092034050186,52.3339297165162,54.0547613594618,55.3796711198893,57.1224592588916,53.6467297407768,2.35646061227422,47.9202534021167,52.3562400750065,54.0360041515417,55.3764770576169,57.0667354064602
