"","summary.mean","summary.se_mean","summary.sd","summary.2.5.","summary.25.","summary.50.","summary.75.","summary.97.5.","summary.n_eff","summary.Rhat","c_summary.mean.chain.1","c_summary.sd.chain.1","c_summary.2.5..chain.1","c_summary.25..chain.1","c_summary.50..chain.1","c_summary.75..chain.1","c_summary.97.5..chain.1","c_summary.mean.chain.2","c_summary.sd.chain.2","c_summary.2.5..chain.2","c_summary.25..chain.2","c_summary.50..chain.2","c_summary.75..chain.2","c_summary.97.5..chain.2","c_summary.mean.chain.3","c_summary.sd.chain.3","c_summary.2.5..chain.3","c_summary.25..chain.3","c_summary.50..chain.3","c_summary.75..chain.3","c_summary.97.5..chain.3"
"theta[1]",1.24119231114466,0.519167107141291,0.750730049134256,0.351585548563844,0.445564493627737,1.86298780057535,1.97420580217759,2.04370157405199,2.09099628340953,5.82227885243524,1.97195205316785,0.0464118683481773,1.87495418252324,1.94205984110283,1.97342861932218,2.00301343074146,2.05964178589246,1.33758296400424,0.677894101934773,0.434493941828288,0.615299098442256,1.89042574303588,1.97568904771882,2.0388097771568,0.414041916261902,0.0400447378263852,0.322735355561148,0.389537070212784,0.418823790558408,0.447485008163779,0.477707122297504
"theta[2]",2.66050251841118,1.97063422714183,2.69193137412362,0.167700543780365,0.21719070701229,0.317781992937572,4.88795368929005,7.31474022966637,1.86601841404479,4.10602479533651,0.222262435582137,0.0377115844299323,0.158007436733599,0.195849183151454,0.219159574690975,0.244157411614102,0.306464168089412,1.83733071595548,1.84644410508585,0.169255851547032,0.214414725385638,0.283229899382522,3.54327091678534,5.32101087647067,5.92191440369592,1.03392209409361,4.51837507356384,4.83650850686089,6.07200138916942,6.719257104433,7.93746645672015
"theta[3]",34.5586997493044,0.140412208360702,0.998130051514308,32.5529774942721,33.9615126057106,34.4695266947643,35.2469692605707,36.522349849117,50.5317714471906,1.10890451586384,34.3796621991644,0.943321119169989,32.5086330858207,33.7486573565391,34.3846172707125,35.0177490040483,36.2042805076794,34.5451696825825,1.05658836626936,32.2825109514273,33.901664729989,34.6160628604606,35.2644288457164,36.5313945552749,34.7512673661663,0.955735128288704,33.2003946809957,34.0585897413505,34.4403684338666,35.4649503282266,36.843085285892
"theta[4]",0.887045177305604,0.405637642922024,0.558250792338394,0.34764169100753,0.388154926115335,0.456543658583525,1.3360978772467,1.9476746709505,1.89400968480044,3.559640685354,0.390655594034946,0.0285355124418017,0.338665165805548,0.371574910782507,0.389042146915753,0.407865975865408,0.450898967673385,0.712885249205017,0.377820879297069,0.348758366468363,0.386608267011213,0.435028330197239,1.04138711196785,1.44107290929239,1.55759468867685,0.254926839827146,1.1845336276373,1.32404664312412,1.57022853924565,1.75858550069728,2.03769349154056
"z_init[1]",53.2965348231833,7.81422403184756,12.5980997166526,37.0091457580752,42.3256787857536,49.1354466100798,64.401395430984,75.6119211074469,2.5991920306823,2.24113333950167,42.1462096615618,3.4786058014396,35.4056133980556,39.8535267862317,42.0777574560138,44.3595510808353,49.1822103550766,52.4356830183683,11.2963808680494,38.1277750933487,42.7793387573655,48.1327457640363,62.0557033429612,74.2336075140138,65.3077117896198,8.19103474542765,49.9667733939715,59.2448262258203,66.1784425573718,72.0481034743416,77.127787818334
"z_init[2]",195.166466182081,1.03650522025489,11.7243380127459,170.296057433524,188.42647297204,195.414088045583,201.653722590962,218.557206121161,127.948050738021,1.03491431789256,194.545340012843,7.10149006348756,180.795554785344,189.722868942041,194.525132714601,199.23041953052,208.835204323092,193.548511645685,11.3259134061715,170.525152633484,186.790471309731,194.012402855142,199.827538065394,219.843447659353,197.405546887716,15.022731638524,166.627491551196,187.956169145859,197.340651595044,206.415323645968,220.80253296471
"sigma[1]",0.385116812609373,0.0896119196885282,0.146206009914321,0.198307809712572,0.253659291870698,0.362513298169211,0.489993044586911,0.664518310705695,2.66194383557893,2.24728239844169,0.264500265844034,0.0493481520357337,0.188919533011,0.229600357201138,0.257116212025791,0.292258478591216,0.375479396195694,0.364292632358342,0.130643818447814,0.200028602394318,0.247827217217347,0.327348413907229,0.468875875939019,0.63632631788442,0.526557539625745,0.0981776149180839,0.37474209198266,0.43393015999469,0.520769815768084,0.614835493418262,0.679517863453265
"sigma[2]",0.114112223163641,0.0197450945654079,0.0376340049480924,0.0615858836003783,0.0795737162609515,0.110738664116007,0.143990960511949,0.191536433095418,3.63280794958794,2.10843865507484,0.0831800427080929,0.015258663700374,0.0596648697371095,0.0722610965028584,0.0810720012690828,0.0918526009356051,0.117877949162127,0.115225132323789,0.042824632297639,0.0605372804633407,0.0763389289561033,0.104251466827301,0.149626512185011,0.205537924225091,0.143931494459042,0.0183043790285064,0.111841971571533,0.132884994560319,0.142171762468798,0.150723714218418,0.19005137223337
"z[1,1]",51.2176678428459,8.49553331778617,13.4897883959815,34.1010584496872,39.0332954657923,46.5142201848307,63.4533729827051,73.7834509385791,2.52132586863348,2.52407461589979,38.9995707014285,3.22049109052255,32.8193951897,36.8610713806907,38.9273163260208,41.0402581649049,45.5247223376451,50.299665571212,12.4069540519691,34.7120866237875,39.2205590646993,45.2118426427952,61.2691867439746,73.3246443327796,64.3537672558972,7.67733642570084,49.9345869183649,58.5662716617299,65.6406151555789,70.9272983820489,74.983082365802
"z[1,2]",188.126160307455,3.31413459974096,10.4575585432613,171.143417568476,180.898359000924,186.527409942859,194.449636414569,211.960103819984,9.95681237508574,1.15543156553455,183.523582450049,5.78535091475962,172.601834753904,179.545533339622,183.381079541557,187.262846207153,195.559273576499,186.766683832574,9.63557732962218,171.292216100034,180.340666397335,185.36510576075,191.296732996155,212.538890588396,194.088214639741,11.9668283685954,169.01477559345,187.140467754378,194.792390196589,201.315710581671,213.599334367433
"z[2,1]",51.4505394092591,7.80368408924223,12.5950691787492,34.8239333242155,40.1163078764472,48.1945926708196,62.9917866413704,72.1965142557915,2.6049641732736,2.39132576973879,40.2537889502648,3.60845994917035,33.6883497796118,37.8057615812119,40.0844006546609,42.5304189255473,47.797432949156,50.5434649649527,11.6928741202663,35.1632753024128,40.1690438661825,47.0314468499041,60.4892993901975,72.2647501214675,63.5543643125596,7.31265277571355,49.9217473222944,57.8827550153509,64.9262175608436,69.9383643079903,74.0309698266829
"z[2,2]",182.197271082215,5.88788511063672,10.9361637238047,167.016051378558,173.741049745608,178.780431166968,190.78890698986,205.665750002594,3.44993849462648,1.52470727358702,174.332350589805,4.60812017016837,165.633377287837,171.269516560912,174.162620452462,177.26474400735,184.013662916531,180.983469241503,10.0458190277371,167.540035676052,173.818863554245,178.160185327528,186.365694135236,206.076232584726,191.275993415339,9.53423497715098,171.035864048748,185.389183096609,192.237750786847,197.732605652211,208.366140724947
"z[3,1]",53.8616444872455,5.79020732061003,10.0367872208112,39.4152581761263,45.4155430445428,51.64356466195,62.3812291348846,71.167475659782,3.00470061787142,1.9019515829051,45.6650193009868,4.0614351603717,38.1453464510499,42.8747274085086,45.470151777609,48.2029286454225,54.0678226406542,53.0313859023995,9.30239399269308,39.5191581016114,45.3308124146034,51.1042248082054,60.0116396048873,71.6973650332484,62.8885282583502,7.05890156397421,49.8406539764629,57.3123347338075,64.2611026657735,68.7568932842445,73.2199358725354
"z[3,2]",178.445239222331,6.76985185720204,11.4193685558018,162.529697977216,168.899485199746,175.318672633632,188.061099571913,200.977111494077,2.84528549091605,1.89208300899728,169.099275332927,4.3003215179216,161.035669524283,166.129500025052,168.953538050896,171.803021526554,177.988656323187,177.342405925845,10.7627925161926,162.812274085286,168.876745897314,174.284675498043,185.65189908297,201.092357527043,188.894036408221,7.69032696077965,172.600638120807,183.982453025123,189.508756583224,193.883603120456,203.069690236312
"z[4,1]",58.3332017151057,2.22898292241742,6.68716360016488,47.5478314224511,53.4439505522728,57.3119326910366,63.0418312213072,70.8727681116663,9.00057829881456,1.21426760181627,55.0138493429379,4.48899820762772,46.6357952794994,51.9548773614747,54.8550891866048,57.9431588855472,64.264287565161,57.646354043293,6.25167990166458,47.3411910455536,53.4224398903334,56.9489083857191,61.1745139303423,71.6527622831988,62.3394017590861,6.88378937493255,49.8264757877153,56.9406108546148,63.4175394855569,67.8006913482536,72.7743680245978
"z[4,2]",177.509851298739,6.06057334085522,10.3828602094443,161.876796823183,168.721992365819,175.656959144062,186.331395083265,197.34956260967,2.93498976787691,1.88769204856357,169.117686412674,4.70422355389944,160.515150412167,165.833926472576,168.93719999029,172.135745239829,178.929033136501,176.533185826478,10.0468607453895,161.871469557958,168.443782607692,174.360518226623,184.560824110663,197.329668701088,186.878681657065,6.41798914726624,173.840815737786,182.591385698075,187.236471823701,190.70256935943,199.274857929754
"z[5,1]",64.2947992702641,1.44789588578718,6.71350857859468,50.5263919556406,59.9345179488758,64.8211448545205,68.7794177709954,76.8432844331226,21.4993053667671,1.15303127044937,67.1717941429132,5.17468185141085,57.5499742874468,63.6738637622973,66.9704330745594,70.5255685279167,77.7746947784085,63.8182667344295,6.96164427973995,49.9643255771992,59.0218202798638,63.9128675289034,68.390369530521,77.3200718415253,61.8943369334495,6.76113563954435,49.7190528208107,56.6087323876186,62.8029734752717,66.9275069329907,72.6394970588249
"z[5,2]",179.778116898898,3.42166935704487,7.41536081940795,166.906448715961,174.263495292736,179.203123975803,185.119600282078,194.93418423002,4.69665321964059,1.38172657018155,175.179414812436,5.10812720053994,165.627874333724,171.65839022249,175.059797716622,178.512133752061,185.511630929998,178.977920789716,7.45449560993899,166.708830401918,173.601024233723,177.774646944754,183.869579032952,195.108096678378,185.177015094543,5.68943652644396,174.447957510341,180.943761125848,185.235505575082,188.635443843464,196.460256512014
"z[6,1]",69.91098141285,5.57178572418976,11.0278165405228,50.4163215108066,61.3485487944877,69.6450377049258,78.6695742788032,89.4663733693588,3.91733084795307,1.76303037629347,78.5063335629713,6.50736368805138,66.3314198342951,74.1091299589282,78.2897134636897,82.748758947918,91.7838052237106,69.6825870980071,11.5790643254825,49.5107231612997,59.3714704793857,71.0015408700613,79.1416041965715,89.4223723465365,61.5440235775716,6.67003777238088,49.6873665985625,56.2928533776191,62.2171612512759,66.2909021803192,72.6107499498998
"z[6,2]",185.176922120445,0.800053784306675,5.70232516495802,173.785670924368,181.416423862324,185.423488175788,188.888920871384,196.082507680212,50.8002195822163,1.06002920725059,187.156571255366,4.9847445876587,177.451107342197,183.819759360577,187.179388539826,190.514133723459,197.065206726205,184.631549270842,6.08300691418099,171.962689771181,180.788693287466,185.034763223974,188.625319420029,196.007186007466,183.742645835128,5.42505031907688,174.311944361534,179.868081021933,183.697335237687,187.384143754372,194.702378785432
"z[7,1]",71.8314575921516,6.98163841235688,13.1439463329355,50.3177941718784,60.9524682639161,71.0324229496675,82.8041807558721,95.371355092781,3.54435202565804,1.93103320078322,82.4276041772482,7.74044053369654,67.5785005964987,77.2139276122942,82.3428693102429,87.446520773462,98.2728430888413,71.7838022911079,13.8329409870668,48.9667063875638,59.1809317852968,73.1291517810927,83.509243420701,95.2783884695598,61.2829663080988,6.59440948912964,49.7275226515603,56.0563186773473,61.7909070359815,65.8759553688478,72.4661480246519
"z[7,2]",192.43496571705,6.70414811790747,11.3041229395308,172.918840136238,182.367556172004,194.197457903471,202.428483600165,209.724849599149,2.84306338736845,2.20232178046473,202.539654328741,4.53665458782231,193.558291955114,199.603699898961,202.498293565521,205.48482298697,211.581271526126,192.22837505547,11.5110813453865,171.093818849966,182.219306077134,195.221344202768,202.280938420683,209.092053805875,182.536867766939,5.49082400503154,172.737016171317,178.748306817881,182.428922470279,186.269768267754,193.41127636727
"z[8,1]",67.5334263596932,4.13033532738951,9.84592311877203,50.1493352403418,60.3428495597691,67.514737912301,74.7917535205257,86.3739101075997,5.68253679785295,1.49356967303608,74.0534785891418,7.3158439244019,59.8417336738587,69.2206541774229,74.0067205344013,78.7904545095904,88.8610481250692,67.4367357610314,10.5354048061768,48.2786174835552,58.9284787974615,67.9372867489411,75.6194006859266,86.5060960015302,61.1100647289064,6.522368142071,49.7001975823154,55.9295497776256,61.4983998322497,65.618116203036,72.5144697979757
"z[8,2]",198.369367492794,11.1286794052236,17.6728686238234,171.624704807037,181.486746879921,204.400241035747,214.989970265397,222.911972987835,2.52189403918664,3.15488729410656,215.059350548981,4.88203533329859,205.665607451322,211.834019691177,215.004786029024,218.22242379508,224.993804823047,198.520134361228,17.8316687875445,170.089312890982,181.295726148136,206.537265613257,214.963874985481,222.450363915399,181.528617568173,5.74502394442173,171.323289717854,177.474854362206,181.560300592566,185.292177117617,193.066850348279
"z[9,1]",59.1518565535807,0.611809411707023,6.17662349273529,47.9091270759918,54.8373979079971,58.9472615143648,63.241027493496,71.0685886933192,101.922472527595,1.04084920989667,57.6782947468389,5.464635335784,47.2216894167138,54.086359135888,57.6133566162879,61.2513984786328,68.7382261174454,58.7482325718515,6.09814560016339,47.0813506449599,54.7372926680978,58.535044134023,62.4455818464838,71.3640196489754,61.0290423420517,6.44603258024047,49.7439424402934,55.9012368874713,61.3273612451985,65.471044915969,72.5350085425027
"z[9,2]",199.226817640531,12.1768257765112,19.374916165986,170.455052119625,180.814071785604,204.59184486024,217.600440474512,226.257798905402,2.53169555713822,3.20951500177462,217.392355786914,5.62026839182737,205.989396573328,213.810377020131,217.472648296849,221.05788480329,228.345328835424,199.595982431637,19.5945822484661,169.132403804456,180.692693351563,207.963271106497,217.907471627909,225.994499557118,180.692114703044,6.08083050879197,169.848828969102,176.452211880925,180.856671680988,184.722776198625,192.949402002294
"z[10,1]",51.6414516324654,6.09121837756846,10.1083477682774,37.3383559319856,43.0684287253534,49.3773970854634,60.3148764032218,70.4779640256811,2.75392437797033,1.96499008709227,43.0064441176607,3.83106716408871,35.6223918496539,40.4668460156252,42.9394679378039,45.4681717888269,50.7368419621382,50.8685258492496,9.36538627252759,38.3373149397247,43.2987603899769,48.0166750579349,58.1970450428219,70.7428319064073,61.0493849304859,6.36259690101872,49.8947796333946,56.0613755775168,61.3924109881477,65.4797578457663,72.5556230667387
"z[10,2]",194.256361927897,9.38430675739072,15.4440230584444,169.262581893389,180.18693931369,196.392962664128,208.529151747063,216.915245326156,2.70842298844733,2.61671312289752,208.172650558064,5.54754956922776,196.679658934372,204.597703592281,208.353252544028,211.896725674731,218.788083255693,194.590057020689,15.7025024953748,168.17285793933,180.206744118994,199.318561075523,208.874686082477,216.733324572264,180.006378204937,6.43282183922914,168.57853933724,175.35266691834,180.181236723664,184.232996276351,193.252152698279
"z[11,1]",47.4088286797226,8.87046150115581,13.7781274858375,30.2220793117674,34.6924897111965,41.2626503995209,60.3330768861517,70.6224053623258,2.41261468553185,2.73772628823185,34.6703813183902,2.98768957158549,29.020956794415,32.6667795190713,34.583993522205,36.5875162317711,40.8578850464999,46.3682197516439,12.9598701634771,30.9219860224629,34.8907597858436,39.7909318558448,58.2244334096018,70.9040453884269,61.1878849691336,6.27815365901792,50.1499388673127,56.3758181574653,61.4844177296439,65.6064048202293,72.7417917591744
"z[11,2]",186.216545884414,4.53568489711208,9.03010561821097,168.304122838646,179.502138420838,187.434355821888,193.382615038763,200.614155954809,3.96369207742012,1.60983058939546,192.873070344731,4.87391084584838,183.007160804761,189.727266424177,192.93975071499,196.135667305712,202.430609822742,186.320806016531,9.22417222647366,167.216980790594,179.581163509521,187.981110753895,193.636712321097,200.259328703014,179.45576129198,6.76512914233434,167.385740964517,174.467593165332,179.544307099569,183.863226454526,193.35491296594
"z[12,1]",46.3061483213685,9.74039766940226,14.970089856673,28.2202659926227,32.2815103705457,38.5290853558582,60.5083507356256,70.9107196876843,2.36208454540103,2.97667988051618,32.3241983139944,2.74059093611771,27.0600189221599,30.5147189869092,32.2277875690218,34.0928312669747,37.9299707577674,45.1228555382767,14.1167701787348,28.7480518500006,32.3709444452603,37.2124936648174,58.3789041069002,70.8955711044933,61.4713911118344,6.21604120328473,50.5068394612299,56.7645246793278,61.7007630512318,65.7552756920711,73.246730468577
"z[12,2]",178.251083016896,0.558075695261864,5.79467021641143,167.120436917823,174.565880166566,178.136536512732,181.796334057885,191.158632045509,107.813024934125,1.02117551098888,177.654565534872,4.17729208745537,169.538488332186,174.924600821501,177.614139649288,180.340967541934,186.050826421594,178.069088902417,5.69702118814168,166.260542525505,174.690978701479,178.125532998784,181.402996889107,189.649051477173,179.0295946134,7.05977129074489,166.473855234812,173.754330140578,179.071994028798,183.608163952892,193.585572827668
"z[13,1]",47.8765777714947,9.02662151531288,13.9235893639744,30.5253664193215,34.9835530175488,41.4226942206895,60.8505752293056,71.6153625965483,2.37931502542024,2.77226066333653,35.0303433077296,2.97400126949222,29.2883750535338,33.0192602680287,34.9665204408846,36.9787414522123,41.08475485994,46.6586797150213,13.0226809694719,30.9994990271847,35.0279383964942,40.1109084857566,58.6413739628199,71.0331369838893,61.9407102917331,6.23358826390095,51.0270557871632,57.322344920812,62.030460675902,66.1855300247916,74.1850923880878
"z[13,2]",172.246533827721,4.22427541690128,8.43183167354359,160.164803565473,165.785344126509,169.976408383259,178.453168945396,191.094861392861,3.98418415892164,1.53905799503427,166.194646191395,3.73623698541132,159.11973865402,163.699325625356,166.103635176664,168.539214871682,173.991809981174,171.823386577382,8.19627887481807,160.205995865498,165.630544438363,169.432285585302,177.77400013407,189.75274379368,178.721568714387,7.30922528798764,165.714813705113,173.173171580213,178.787413923776,183.455882434956,194.006197968431
"z[14,1]",52.1351107648333,6.77422323026769,10.8592593109195,36.9486153133071,42.6633493299098,49.472860709277,61.3724068842094,72.7526204223275,2.56969393882372,2.10541951589063,42.7591434169518,3.74735020932629,35.478341810508,40.2660542465173,42.696205513988,45.2451047515185,50.2589634180501,50.9904026505478,9.91088669150379,37.4539689231249,42.6265042872127,48.1028062764305,59.195190440909,71.2159559452658,62.6557862270003,6.44996836234746,51.3803485729942,57.9871224589017,62.482659070926,66.9180021018338,75.9619022992242
"z[14,2]",169.160217237413,6.10132040948295,10.737628997351,154.664456047373,160.08900945761,166.018433039261,178.250082237874,191.198388313917,3.09719909481242,1.92621893728612,160.350311142583,3.61905873703976,153.632850247522,157.897326751587,160.190607457569,162.659323262783,167.926656466973,168.60043600216,10.518949779076,154.811982690546,159.939416353279,164.861135803124,177.489845660339,189.971592887182,178.529904567496,7.51210928187249,165.217542742676,172.860411455957,178.580136527982,183.436392294808,194.340489765043
"z[15,1]",59.359823933208,2.73373781287846,7.00923019683561,47.4249840395388,54.504418752784,58.6814602083384,63.501230954102,74.957577459881,6.57395802406383,1.18315918738066,55.9622314537097,5.14143765809333,45.9006638248712,52.5962778677492,55.9110855851513,59.2655149456201,66.3714997066524,58.4119982267581,6.28892283678481,47.4516020696855,54.1431346831029,57.9804607526717,62.1846534284344,72.1600170574059,63.7052421191562,7.07707699862986,51.584525799929,58.7325008173297,63.199063555065,68.2793178956077,78.7268769521714
"z[15,2]",169.658396653639,5.73897812783944,10.3946215507846,155.3237579407,161.027312221402,166.775472577422,178.169132396973,191.367895915097,3.28056181124394,1.80443262950736,161.407556694275,3.89480189504855,154.153561052913,158.712758435562,161.227852843597,163.906067184768,169.492643442368,169.110117295426,10.2138687265503,155.289124656661,160.823939493235,165.896601564693,177.456197235546,190.074790301278,178.457515971216,7.67185991269014,164.805935985416,172.706622440359,178.545043555306,183.497139700598,194.699095602367
"z[16,1]",69.221894904995,2.62165433165194,9.02375055314191,52.2627541949131,62.6383102055102,69.3395428479437,75.506160870389,86.5879749361711,11.8474069154275,1.26512990148788,73.8544713314317,6.91275910225437,60.4724016774046,69.2361614831693,73.808137513903,78.3286147807921,87.5248638417003,68.5907880594476,9.36348528913969,51.1781239032091,61.6293006740113,68.7163811843909,75.3638040409347,86.3464681264016,65.2204253241057,8.42406123844561,51.262255790891,59.3050115115769,64.3578077616686,70.2031955852634,84.2144730128737
"z[16,2]",174.40460295424,2.54273893782588,7.51220960079558,162.497192710484,168.971899820637,173.247072796849,179.061862017321,191.735535170892,8.72834384359306,1.20780890975207,170.640917343519,4.76626651055991,161.862877286212,167.291021569881,170.54531516123,173.748421754236,180.455127934013,174.061293934211,7.39123516492874,162.1155545837,168.845686960851,172.965890306603,178.501614001523,190.349117652543,178.511597584989,7.7980640293366,164.613604484781,172.757702131419,178.589965198496,183.605339110576,195.05242070573
"z[17,1]",79.1106665454909,7.91792893061206,15.5893382443545,52.1457387336104,65.1663736223821,81.1352187308101,91.82804167259,105.36157834619,3.8764319247396,1.79145035019006,91.1213096016633,8.23436128276708,75.5122751576964,85.5200222492565,90.9111332288093,96.5621658701424,107.555196359117,78.812923250385,16.1758038200322,52.097108670968,63.7158002887864,81.3293431699396,92.484661408253,105.614066965255,67.3977667844243,10.8676262883366,50.0838450974339,59.559946128609,66.046482009344,73.364440816191,92.7691033061101
"z[17,2]",183.679042311157,3.32302950888965,8.69284764339064,166.061123082957,177.989831415206,184.272586933078,189.809505709625,199.333015246491,6.84314496466044,1.27079173455761,188.565274602363,6.31660061714701,176.705582667686,184.283409216758,188.468405088771,192.674727163905,201.43339596036,183.769240020545,8.69436766708468,165.387634353656,178.227394708219,184.588009311429,189.776058843278,199.13047351712,178.702612310562,7.90995070178275,164.426056855244,172.915765766038,178.697604542075,183.871299397563,195.464428641654
"z[18,1]",83.2324162482028,8.64999350028865,17.7751673901639,50.8395608344176,67.9957270241232,86.4664443905309,97.104251810147,112.704609102914,4.2227545267243,1.59605303068461,96.1125742829875,8.96740585003102,79.6129474995292,89.8981603774472,95.7240513150535,101.854004266729,114.743548829035,83.0497375563935,17.8768402859873,51.5658646461247,66.9295538138599,86.4283999652229,97.594884853034,112.485684028566,70.5349369052274,14.8575433825719,47.4855654907789,60.1700262132639,68.6099509053455,78.2577229718256,106.049632662832
"z[18,2]",195.853540769807,11.0539783705856,18.2735743940698,166.201858033164,179.236617596186,197.688752821321,212.087019538603,225.270709892721,2.73281221591728,2.3905643611952,211.959552949728,7.87926961708957,197.192854063887,206.644507744817,211.812872258417,217.069569746677,227.998953589588,196.558607283592,18.2346766720479,165.620054305768,179.915086406736,200.137261454236,212.565488356829,225.057069177969,179.0424620761,8.04261531130106,164.414527377786,173.237058233773,178.910657616361,184.22431983147,195.903404522565
"z[19,1]",77.5904761961896,1.43677179328044,16.0998660900679,47.8396069121286,67.9338333390524,77.0771275902516,86.0501663726006,112.5423553833,125.565098300133,1.03341280755419,80.4093330108895,9.81218623757497,63.4706423704637,73.4578106928453,79.6023512604239,86.4228045390093,102.187072689182,77.2731073722073,15.0104802781015,48.4407625273617,67.956947799827,77.1411960641503,85.6524123362088,109.100810261815,75.0889882054719,21.0183216337942,43.4810744222734,60.6421503436815,71.7395546944225,85.8013825325921,125.491537350491
"z[19,2]",205.571263602439,16.9355924354262,26.6651468378846,166.48617234075,179.786218171916,212.964406065056,230.277701872653,244.818134439126,2.47906076458962,3.06027007379775,230.31731547844,8.68784433581591,214.112298942332,224.421640050376,229.93089384084,235.745387727147,248.637223923614,206.855571519517,26.4171097871802,166.05987353399,181.023479730645,217.053083620266,230.972150636665,244.168261101149,179.540903809359,8.25619315505324,164.382079602804,173.666374983782,179.284876356296,184.884119925072,197.00382715472
"z[20,1]",68.1103145361302,9.38777407583143,26.2451704487481,40.2849881954986,51.2660658661688,59.3393794103313,77.0521428559866,139.843208539438,7.81580177849867,1.22247564291738,54.4822427427714,8.19957198220253,41.3999431329175,48.7826656921876,53.4955371596735,58.9537610668451,73.5412173990832,68.0779243352003,26.5991665358576,40.299875326904,51.2479708280054,58.890346229171,76.1929849681839,142.261737637006,81.7707765304189,30.3223548099004,37.8761810848996,60.9574579611989,76.5392842963945,96.7644069930809,155.877354699371
"z[20,2]",206.537985196539,17.1121118845139,26.9038234978051,166.432391402578,180.614137683501,213.888527887024,230.929057720945,247.85496639706,2.47184245976314,2.73922384816562,231.250956040189,9.55408238493836,214.149081257476,224.630450367816,230.667811879671,237.258142280737,251.489936659196,208.163788961103,26.4254378674209,166.197453261912,182.48060659799,217.828720476621,231.390950428265,247.638490914073,180.199210588324,8.64706540194642,164.097370007616,174.207234120359,179.846761586126,185.76990741278,198.324839122258
"y_init_rep[1]",58.9331741532373,11.3844857097953,36.3014950750379,23.4774257316914,37.9716002441645,48.7424834653308,66.9121104460127,155.553835868627,10.1676875266523,1.12181609783994,43.7720168107848,12.6756834988916,23.6738234605824,34.9436251721477,42.3057487342557,50.6861764545027,73.0740163011856,57.3750366056997,31.5147405274151,24.6914568497602,38.5019531416867,48.7216759521915,65.7979341004355,140.942967223146,75.6524690432275,47.832341608944,22.1915947780635,44.9557950947456,63.5227413242983,92.2231181607356,198.078337738956
"y_init_rep[2]",196.607253086951,1.04996801239041,26.6444118967653,147.321897076851,180.170566471722,194.932364437449,211.013052683277,256.497372748476,643.961852286856,1.0073077401862,195.558197867986,17.9963604132213,162.614844550323,183.168609490197,194.581058894623,206.709248423686,234.077879426695,194.904168183034,26.9796095716924,144.344063414042,178.744615854485,193.430534082109,209.006281052155,255.437166696978,199.359393209834,32.6584029983672,140.356753665458,176.739375095974,197.474807667009,220.131234694056,268.870626330008
"y_rep[1,1]",56.6365651862494,12.2375332883359,36.283860615708,22.6038552725228,35.5613402844499,45.7359114789586,64.9633389323753,152.816734955935,8.7910187738355,1.14409165500971,40.436139898191,11.8737077272528,22.2389826577519,32.3042493654815,38.8100336687043,46.4961834319341,68.4929437775716,54.8219501780086,31.3441177115016,23.1401957239686,35.8684440541361,45.5785767775327,62.9588269066268,140.240603504023,74.6516054825487,47.2867104430586,22.3281890947291,44.6324027671129,63.3285306924431,90.9681655151605,194.900646913329
"y_rep[1,2]",189.463373284439,3.12070497853118,25.8949064035916,145.158380569421,172.995376437515,186.652959289799,202.635770471852,250.176567699174,68.8530627733953,1.02669208884173,184.12487368052,16.5451502716975,153.759058697651,172.855291885682,183.410955337828,194.470123819081,218.950244194441,188.512784184678,26.2036250981053,142.765585511331,172.526026508141,185.973879278794,200.970807159192,250.465081544527,195.752461988118,31.3438663720921,140.388222000128,174.108116497973,193.998953586236,214.742955337663,262.919596125257
"y_rep[2,1]",56.8381219846939,11.569540362598,36.0789261552057,22.7163069038154,36.2805945264282,46.6109836692645,64.8460824929592,151.480745873536,9.72467272727681,1.12585692508239,41.6894751928401,12.0836015304741,23.0932153029762,33.2316424456192,40.1308154147249,48.1797574650006,69.9815028680081,54.7677047613226,30.9813982551908,23.3593380020022,36.349113762304,46.1283229242414,62.754445023653,136.730275921901,74.0571859999189,47.6355887248936,21.5272235817449,44.5888998584606,62.6985802409314,90.0209586372933,192.235839313544
"y_rep[2,2]",183.677293714111,6.50938172184665,25.4743559964518,143.05860647194,166.972179551735,179.763950143215,196.233225896038,245.361051178199,15.315350739389,1.07615036426462,174.85464927877,15.5509773734733,146.478318431492,164.487176157804,174.102892929386,184.246466544405,208.571821800906,182.778190452024,25.677452206284,141.559486740417,166.669504200655,179.071334159708,194.518872035278,248.030179092292,193.399041411539,29.5400855661235,141.40056019774,173.302094226965,191.491299313399,211.332043702448,257.247714825493
"y_rep[3,1]",59.3295154792984,9.04714908735671,35.1857040330413,24.2452967425999,39.534171058949,50.445811305277,67.3784109619429,149.276320727285,15.1254741039946,1.08336223436655,47.2883006836232,13.7978191588253,25.7459023106724,37.7398753937895,45.4788870360799,54.5050218276756,79.2330593561596,57.4484281776685,29.665587018413,24.9714743631155,39.7801843294474,50.0768852410454,65.6448439502995,134.065510032235,73.2518175766034,47.9742430002191,21.6578976872471,43.3087035991417,61.8353900628362,88.7387967335306,193.364295508132
"y_rep[3,2]",179.603372032513,7.50552443510505,25.2734929567392,140.481461515442,162.649441789485,175.265021955889,192.80491052855,240.407057900485,11.3388353826934,1.11071248798147,169.463354423307,15.0377061935941,142.408461569294,159.420530293632,168.724410040379,178.737306954112,201.727450489753,178.547553485745,25.3505639588922,139.271729632045,162.012626916836,174.361432086426,190.553255034716,240.794694759926,190.799208188487,28.6057339213823,139.347595594456,171.071710322813,189.319708295445,208.317866810306,252.058288862806
"y_rep[4,1]",63.6822194438107,3.97305066735879,33.1374621081271,25.0936320652285,44.8301233208479,56.6370150532174,72.7939039246914,148.72875619291,69.5649185840109,1.029110791386,57.170866952753,16.7394180912252,31.6205201031162,45.7900442500607,54.9660448403459,65.6807357689309,95.8799557002847,62.0114489265516,28.266221787691,26.1440128346391,44.984588862731,56.0750894374277,71.3878922815199,135.311364479316,71.8643424521275,45.860210159798,21.6421535320335,43.1444413488721,61.0270512713834,87.7648517459112,186.729538797613
"y_rep[4,2]",178.874074528564,6.51448684402196,24.8251418576336,140.189761749878,162.577173694827,174.856297214985,191.083093575168,239.086920852125,14.521887064999,1.09189795283861,169.819943520907,15.1444849420208,142.271518550307,159.629599663988,168.892149330367,179.032824379488,202.218933366917,178.164272779005,25.3660927735493,139.238554809827,161.937624533608,173.816676521376,189.895719730439,239.996013761888,188.638007285779,28.2552457929126,138.478698818071,169.364702627338,186.304143154115,205.989138964784,250.3896230314
"y_rep[5,1]",70.2322951327093,0.585861260270178,33.3224083886127,25.8584975314112,50.4035844401741,64.8081129004208,81.9785117328692,152.902669433777,3235.06642457658,1.00349416366395,69.9484931737011,20.1900026895909,38.818499392169,56.0537900594853,67.2878973676114,80.5222583956987,116.79282022993,68.9692730855457,30.7680716665146,26.3418845777036,50.6823614230854,64.5150531275346,80.7287887183091,141.800946445004,71.7791191388811,44.4183691610515,21.3136309199567,43.0412293313325,60.7850238250617,87.445857681009,192.083120209255
"y_rep[5,2]",181.149478801896,3.4736465586489,23.5990237021788,141.779645895023,165.679801150666,178.321964113782,193.486786037811,236.825232810329,46.1547941748813,1.03607773493207,175.663413697678,15.8636476950382,147.233765449593,164.819175823184,174.65277307752,185.304090691795,209.231991346879,180.551430164377,23.9382797513959,140.686772128551,165.261783048545,177.601213548082,192.37772124459,238.219643519645,187.233592543632,27.9048174526187,137.475903963113,167.923971399591,185.448854673302,204.403853919001,246.805990870327
"y_rep[6,1]",75.9648631598442,2.20603863066276,34.5399087992689,25.933306993821,54.1426911621832,72.0586020591884,91.3779775641945,154.204161528473,245.141109020435,1.01892897717605,81.5119576255999,23.5140801895019,43.9919887446426,65.7041475384544,78.5746640595143,94.0219531387692,136.573390824961,75.1211252923698,31.0722094350823,26.6194168440633,54.7636848859113,71.8940608729904,90.7293827641264,145.878522216489,71.2615065615628,44.8023580113018,21.2922080879272,42.6223344223819,60.2806074245015,86.8939332444493,183.729428945015
"y_rep[6,2]",186.408141695082,0.233033551688309,23.023228584401,142.3884346544,172.135701948523,185.478374465141,199.357351091573,235.761824316972,9761.02762894273,1.00109603585606,187.62043564747,16.5534943578006,157.075786111192,176.506625873011,186.826331972146,197.976990689659,222.361594951385,186.055158677694,23.7411518731271,141.132274904787,171.712137435226,185.06061078407,198.94197857478,237.19974191285,185.548830760083,27.3919663009916,136.975764659628,166.574362422301,183.725088681308,202.331466242515,244.676484103304
"y_rep[7,1]",77.8378503299948,3.59971116189616,35.2117630125935,25.9675713898701,55.0848607035477,73.8919672380124,94.5603578657544,157.701975195716,95.6842002022857,1.03139531520719,85.2751239472329,24.9650001170687,45.8888620454143,67.8784354243014,82.5334632767183,98.5938182450057,142.664139401621,76.9321997801527,31.7176681035878,26.8595460584349,55.24261259873,74.0230574392538,93.7534816261154,146.949720460948,71.3062272625989,44.6294279466858,20.96332589617,42.5964619456825,60.6584880801843,86.7118109508317,186.873993705315
"y_rep[7,2]",193.84141309089,6.4031808319993,25.1539856781435,142.12679940246,178.210685174361,195.029331525051,209.843784723728,242.051640348537,15.4319953875824,1.08879710281697,203.269972435152,17.7243652038254,170.564241534613,191.423399697509,202.498124981309,214.026536740153,240.560453055291,193.57258569944,25.8710305055977,139.516646648904,178.269236482301,194.985916777586,209.668184617858,242.465074810265,184.681681138077,27.2386531371068,137.559188190665,165.957858887286,182.494324565175,201.512713602186,243.23552434572
"y_rep[8,1]",73.4892625249872,1.16508247474736,33.5696475127194,25.7353328672252,52.5621903509608,69.1943890248922,87.9822401623229,151.652426792046,830.195209382833,1.01117807285048,76.8734981571772,22.6856203617302,41.0664916299932,61.1393702651658,73.885572018325,89.1467036178808,131.081665955681,72.6287792693273,30.1209759095839,26.6093292954787,53.1244910866399,69.1724883564417,87.102439477505,142.097216999865,70.965510148457,44.0512642662834,20.6844250759965,42.6992285828202,60.7831163830923,86.7708329413773,184.302919566079
"y_rep[8,2]",199.709481749297,11.457217840086,28.8857245770401,141.274139818011,180.414697358962,202.261551707724,219.595318438746,252.185829726976,6.35635567937406,1.23485612355226,215.663897096764,19.041538414308,180.247288913046,202.768512742257,215.024648057635,227.444326623413,255.602274523596,200.171501134511,29.295063893262,140.202949933724,181.110138476872,203.347445429245,220.169343488879,252.373687263088,183.293047016617,27.5360237116936,135.028464842045,164.440679147728,181.563382911659,199.702503610556,243.691114757558
"y_rep[9,1]",64.8737367631785,2.50424840840272,32.7221822302436,25.011334259171,46.1842897076952,58.5527726026716,74.4543122733228,146.546971038576,170.737809367536,1.01565815101843,59.8401330591045,17.2454738020963,32.660779921182,47.8583429594905,57.7054621428409,69.3566901093491,100.43146132812,63.5869777036163,28.6831046738389,25.7714340815355,46.5335647164902,58.4557527112659,73.5901789987024,134.061994679237,71.1940995268147,45.0040480817787,21.3765565370312,43.1101013697018,60.3304593466468,86.3672969454984,189.903973166997
"y_rep[9,2]",200.843403347797,12.380003599965,29.8854809001643,140.381401353046,179.828923036072,203.928379113267,221.893728252171,254.460086796584,5.82745535951598,1.27037553782522,218.145436793099,19.3941250261715,181.961062082714,205.229088115908,217.362793159313,230.119252383085,258.82690425648,201.303597666993,30.2251444189245,138.671482173656,180.907391170521,205.195971484717,222.431938894806,254.20198334244,183.081175583299,27.8349191328893,135.231853287258,163.731860788173,180.512401768183,199.993690923216,243.390549432152
"y_rep[10,1]",56.6735910923968,8.98901287102805,33.1230349417138,23.2300474022549,37.8233812784737,48.0142523596712,64.2756333325351,145.17209694893,13.5780136496495,1.08680079522352,44.7857398930325,12.9749659462338,24.4696542679015,35.8933700922196,43.0613131264813,51.5824235761963,75.4993545026983,55.0195593811219,29.2708422438425,23.5990281932653,37.9605369228371,47.8969881314986,62.350227897605,133.746104611978,70.215474003036,44.0343237292399,20.9071287121342,41.9860348047977,59.6021527443452,85.5038319246861,180.21087705895
"y_rep[10,2]",195.607780287832,9.64887706636647,27.16971190443,140.067874678875,177.699124651466,197.623341779233,213.866010580604,245.728825235206,7.92896535657551,1.17805846562393,208.935787667868,18.8362501981531,174.249969237134,196.275860215741,207.90006196506,220.654016484255,248.173312152228,196.117655391115,27.0765632029619,139.050747576051,178.728243052725,198.837561130041,214.279202097363,244.404000388305,181.769897804513,27.5202308307548,133.49713307866,162.638903339009,179.857048211715,198.053120455042,242.549951382478
"y_rep[11,1]",52.5702005403832,12.7000858627852,34.5666669238911,20.1496853128045,32.1264031609676,41.9392581751952,60.9668732837664,143.937779663551,7.40801231278655,1.16987435421605,35.8141882141771,10.3712462569232,19.3959775947834,28.6329641016503,34.3758520239456,41.5503826257215,59.5566124501254,50.7900147341077,30.385786139456,20.9892967870908,32.3900940283856,41.637951507243,59.2382896197028,128.831800670136,71.1063986728648,43.890286201056,20.5971592172059,43.1173670225152,60.4214838579743,86.5193988544698,183.594140417343
"y_rep[11,2]",187.511056699522,3.67746241082162,24.0033173317729,138.628077156638,172.829275693692,188.082473035988,202.151596136421,235.655988823598,42.6035755057599,1.04325634933963,193.618320601347,17.27728389292,161.432395668079,182.137367897361,192.799863527676,204.372331518222,229.703779054201,187.444314098865,24.2554673714548,137.296371285009,173.006035901558,188.3864618506,202.051486075895,235.390476514852,181.470535398354,27.7121332933149,132.912176166117,162.73959780797,179.355548936488,198.406184512361,241.655976237986
"y_rep[12,1]",51.1075266628694,13.1827343408077,34.3631247837159,19.3131719481163,30.2898976283131,39.8386192677513,60.3268379722267,144.203160140357,6.79476275996418,1.19669035351827,33.431330250189,9.64472077942296,18.1399533735344,26.8627730883782,32.2709305482643,38.6638067267767,55.0121701191481,49.6548336328609,31.2667843295597,19.9551844570828,30.3423736742782,39.5919916122776,58.5233534652042,132.833459682801,70.2364161055581,42.3265410815411,21.062996052513,42.6101522368853,60.4074127861085,85.5624029033736,179.966133570678
"y_rep[12,2]",179.276704948236,0.421305626526675,22.6581018334018,138.13002674183,165.308293114519,177.548095608756,191.339605833709,230.326760861843,2892.36122237932,1.00302510067482,177.979014309802,15.6708639096994,149.32146446314,167.530737668726,177.092208196033,187.680717725094,211.432004889558,179.516642845261,23.644957112872,136.382038160184,165.449868955351,177.641453965738,191.520633941765,234.368997763068,180.334457689645,27.0693692870339,132.860398859685,161.731060263045,178.202672652574,197.220701159761,238.811741749347
"y_rep[13,1]",53.0904000564461,12.6212831289169,34.858803938762,20.4828836619075,32.4007718368927,42.126425168994,61.8351486688548,146.126569385467,7.62812752641292,1.17023661691218,36.3078854889004,10.4621065188568,19.6872712269213,29.201427120151,34.969218100037,41.8726489361888,60.7171853483861,51.3119445921928,31.2659331127553,20.8936258051689,32.2378954127858,41.6340140023856,59.6170450470023,135.892670052745,71.6513700882452,43.9232193156798,21.1824426653701,43.3013494179696,61.1673593802655,87.6174799272569,183.073081451401
"y_rep[13,2]",173.427768523904,4.42228650123815,23.0082598736557,135.534616319291,158.542276135458,170.338896750121,185.032361873032,228.892703884409,27.0690988158973,1.05402428223348,166.876953403339,14.7453078942446,140.383285791924,156.760838548871,165.999584076999,175.987842810777,197.522273346117,173.024741941945,23.4248300140478,134.161480984732,158.476758010218,169.816425692686,184.033553912096,230.261681384466,180.381610226429,27.0306958861761,132.140217406587,161.615118891432,178.74912202502,196.511063234901,238.996393390114
"y_rep[14,1]",57.2980125535589,10.0978579541195,34.0524670508867,23.1995876247044,37.6236317715717,48.0760049807272,65.1112726923869,148.793327408576,11.3720470629672,1.10468810500914,44.1068250897295,12.5501777565476,23.9397472901501,35.3407736390595,42.6104050836839,51.0783940021431,72.7525571209018,55.3360388126288,29.4194877910195,23.8305448436379,37.6911055359554,47.7484108865272,63.1213433969698,135.107327172874,72.4511737583183,45.2594126861992,21.5096195914478,43.0322611715219,61.7210049538093,88.7561183037892,188.295659858119
"y_rep[14,2]",170.333879559576,6.51238960359583,24.2524198897631,133.152105136461,154.146634824479,166.235080585454,182.072437708722,228.993990709996,13.8684973788999,1.10519065584233,160.941683802027,14.2364316829535,134.789422131831,151.482567313955,160.154845851395,169.793529870603,191.342088390628,170.039264311832,24.5503113519332,132.751719524543,153.830111272617,165.730422865759,181.513688790189,229.832092012579,180.02069056487,27.8767075300495,131.700655123679,160.999910147707,177.568670611252,196.853410234896,241.550426424721
"y_rep[15,1]",64.6992280342077,4.74743912238638,33.3249111198523,25.7346860092177,45.5767332848613,58.0072183843535,74.1568805042492,147.238547835136,49.2741556246497,1.02923431652817,57.7697079817314,16.6132703766139,31.001778111881,46.2179878694463,55.7212342132495,66.793324438215,96.4858851153639,63.0745944449938,28.447565208055,26.3250932032087,45.7738171276965,57.8314592442245,72.7657964603407,133.245894725134,73.2533816758977,46.0734511988731,21.929057723128,44.1171885249447,62.8446931963141,88.5273224877179,185.308777853096
"y_rep[15,2]",170.991908879042,6.30625371086198,24.0760514526306,133.763011286114,155.147221006574,166.969670664807,182.818310636813,229.447142295502,14.5756404715075,1.09801019961081,161.97313385101,14.3026350847162,136.124890696166,152.369678431896,161.162685373766,170.697088850994,192.458831399419,170.564060202667,24.8123491964793,132.39895740244,154.505518908828,166.342889321333,181.904399520768,231.38796486645,180.438532583449,27.3512253081525,132.355799399365,161.822904065704,178.456144532381,196.854941948094,240.817289551644
"y_rep[16,1]",75.3577749593077,0.485694690596089,35.3660439176262,26.8249632678617,54.1465742042022,70.5974394408545,88.942612508835,156.121371935992,5302.07970183805,1.00455144069572,76.6704428405822,21.8481588296043,41.3574984194831,61.5854553129566,73.9554377901731,88.6023628433352,127.460469159696,73.8312637166754,30.6379008637237,27.7902598585233,54.3320515021113,70.3140820708663,87.7926849821033,143.586605457624,75.5716183206655,48.2949156488618,22.2779506084059,44.7422666058021,64.28352926136,91.7019281267697,197.634612984147
"y_rep[16,2]",175.651026699854,2.40298929862955,22.9284511633022,136.494431218659,161.010660441605,173.018223401727,187.429571013708,229.921476127409,91.0428331526242,1.02494005957284,171.249386406336,15.2590887071383,143.961754652784,160.786446422978,170.323637383565,180.639728214297,203.998484658477,175.268223573502,23.1905619827916,135.541776089571,160.900843587076,172.6026060718,186.823916031645,230.439620003073,180.435470119723,27.6439632167147,131.935960646558,161.4768893307,178.424322752933,197.149271364078,240.056676729888
"y_rep[17,1]",85.8314113701371,4.26161908124282,40.5396058522775,27.4001736716236,60.0218501924362,81.8764119440823,104.416618741735,175.363021345416,90.4919167362297,1.03509585571303,94.5439393355414,27.614398042614,50.4445070766252,75.653263690499,91.1734749304705,109.764023589303,158.062798438258,84.4264003803167,37.024672128063,27.7589791885971,59.9561093787137,81.9107708513915,103.122831241014,162.380998266872,78.523894394553,51.6336246455478,22.8709978150154,46.0344861649178,66.5753159806379,95.3692642848304,207.48716548049
"y_rep[17,2]",184.781993966743,2.2403078595953,23.3889953128926,137.735664873228,170.511487213745,184.615972755202,198.609154037404,232.723127430942,108.995289364555,1.02295648386421,189.150258286814,17.2813415219154,157.719570333658,177.575671737673,188.177908483216,199.336074913114,226.610354969777,185.141743817507,23.6778864269713,136.051999410604,171.112227553811,184.99788010393,199.003450076044,234.206684971291,180.053979795907,27.2100758302636,132.031898253674,161.51099083779,178.083810054212,196.901224473698,238.02988397216
"y_rep[18,1]",90.2301733867313,4.67410325104899,42.8345722144116,28.3593742189222,62.6684433002136,85.4440879118139,109.982435244128,186.886601865735,83.9831702260172,1.03672991775639,99.4941586318929,29.3568625285813,54.3339777972727,79.1428510319502,95.5737061574205,115.022499200534,166.763076212443,89.0946631902627,38.1197220049163,29.5104076005083,63.2961411795883,85.6382302066791,109.224663311281,174.023073026461,82.1016983380382,55.1056431907523,22.7849415476471,46.9806643573636,68.1137897391887,99.4899799834863,229.39351311746
"y_rep[18,2]",197.353894804792,10.9248481032162,28.7927757154139,138.602698998484,178.675201514382,199.224595314397,216.788304371375,251.134982306013,6.94602358880221,1.21802949250674,212.533975758087,19.8552808822952,176.402607483498,198.856744743108,211.510673283202,224.71624831173,254.463491418165,198.06977291956,29.2806601447181,136.969452651725,179.695884359047,200.690943651034,217.904874123055,251.218675825258,181.45793573673,27.4220925988236,132.878103247039,162.618108756661,180.139638767163,197.811424512244,240.935587428568
"y_rep[19,1]",84.4294669689482,1.08580879806552,45.5615682411095,28.1504176965242,58.4546172889903,76.7854641487434,99.1180592268646,191.059020375863,1760.72129057982,1.00652621456058,83.3799030382609,25.4803965336923,44.661649471151,65.6087468127337,79.7569941877423,97.0413645907591,143.195187358842,82.8940361127007,41.487421543651,29.2679418082797,59.0747982971518,76.3730963585792,97.5762755374054,178.944782914839,87.0144617558831,62.0272973463504,23.1663549640508,48.9764184213766,71.5963792726569,105.7667212153,242.455387788424
"y_rep[19,2]",206.893869484315,17.2785037048469,35.0013811913287,139.181407922033,180.365536600296,210.711410086476,232.581160833197,268.598898028364,4.10353464028774,1.44289750808169,230.79116344142,21.5754462820845,191.384723182294,216.474764336719,229.796181251913,243.724555722344,276.414942974589,208.380030091012,35.037248176145,137.173779929503,182.786062239572,213.525454653425,233.730726738967,268.556897571168,181.510414920513,27.6531297905827,133.151959112142,162.324693015659,179.584758370113,198.269866808892,241.956628761953
"y_rep[20,1]",75.2790575803862,13.0973366987678,57.1966154701257,26.1359827472604,46.0448409010886,60.157282182198,84.021389805761,217.222718314613,19.0710531746399,1.0791897344668,56.320014027351,17.8253769870132,29.6881462881138,44.1277253783911,53.388965853697,65.4997938880984,98.4286197245249,74.3815472724581,52.2460055225815,26.8426369757631,46.2626246611165,60.0933903294153,83.4375041364294,210.200488970525,95.1356114413495,77.5436303804533,22.1914036442582,50.5239387015681,75.9969540368529,115.536813751732,282.112862498895
"y_rep[20,2]",207.93949897312,17.5390259959372,35.4232223155592,139.300926196011,181.162997789753,211.710540339706,233.883319483395,270.857645615185,4.07910783028311,1.42334990911629,231.850678839077,22.1817440296634,191.49601949242,217.088061241523,230.527644078636,245.496106989813,278.603738416717,209.868342546004,35.2293292288622,138.326430985987,184.400219823912,214.607067181925,235.237449846135,270.826586711842,182.099475534279,28.0754967281652,132.13825032724,162.630590077559,180.188123309053,199.119860551137,243.528409251517
"lp__",42.062428935876,6.90983488046745,9.95292490017712,27.7802210129541,32.0796114963997,45.5350029282523,51.9453914535813,54.3105279644339,2.0747516340025,4.2413400144255,51.4389691156008,2.11312154438503,46.5085651847161,50.2582390081056,51.7942873191154,53.0005476300516,54.5056730676956,43.7866357335259,8.64077392900096,30.5565390611103,35.5014699525665,47.0150801543063,52.2252171999674,54.4500581203332,30.9616819585012,1.98325673035372,26.1423596855235,30.0711310686875,31.3096150032668,32.3383527573286,33.5534871141565
